-- MySQL dump 10.13  Distrib 8.0.23, for Win64 (x86_64)
--
-- Host: localhost    Database: centralsport
-- ------------------------------------------------------
-- Server version	8.0.23

/*!40101 SET @OLD_CHARACTER_SET_CLIENT=@@CHARACTER_SET_CLIENT */;
/*!40101 SET @OLD_CHARACTER_SET_RESULTS=@@CHARACTER_SET_RESULTS */;
/*!40101 SET @OLD_COLLATION_CONNECTION=@@COLLATION_CONNECTION */;
/*!50503 SET NAMES utf8 */;
/*!40103 SET @OLD_TIME_ZONE=@@TIME_ZONE */;
/*!40103 SET TIME_ZONE='+00:00' */;
/*!40014 SET @OLD_UNIQUE_CHECKS=@@UNIQUE_CHECKS, UNIQUE_CHECKS=0 */;
/*!40014 SET @OLD_FOREIGN_KEY_CHECKS=@@FOREIGN_KEY_CHECKS, FOREIGN_KEY_CHECKS=0 */;
/*!40101 SET @OLD_SQL_MODE=@@SQL_MODE, SQL_MODE='NO_AUTO_VALUE_ON_ZERO' */;
/*!40111 SET @OLD_SQL_NOTES=@@SQL_NOTES, SQL_NOTES=0 */;

--
-- Table structure for table `[centralsportv1.0.1].županije`
--

DROP TABLE IF EXISTS `[centralsportv1.0.1].županije`;
/*!40101 SET @saved_cs_client     = @@character_set_client */;
/*!50503 SET character_set_client = utf8mb4 */;
CREATE TABLE `[centralsportv1.0.1].županije` (
  `idŽupanija` int NOT NULL,
  `imeŽupanije` varchar(100) NOT NULL,
  PRIMARY KEY (`idŽupanija`)
) ENGINE=InnoDB DEFAULT CHARSET=utf8mb4 COLLATE=utf8mb4_0900_ai_ci;
/*!40101 SET character_set_client = @saved_cs_client */;

--
-- Dumping data for table `[centralsportv1.0.1].županije`
--

LOCK TABLES `[centralsportv1.0.1].županije` WRITE;
/*!40000 ALTER TABLE `[centralsportv1.0.1].županije` DISABLE KEYS */;
/*!40000 ALTER TABLE `[centralsportv1.0.1].županije` ENABLE KEYS */;
UNLOCK TABLES;

--
-- Table structure for table `__migrationhistory`
--

DROP TABLE IF EXISTS `__migrationhistory`;
/*!40101 SET @saved_cs_client     = @@character_set_client */;
/*!50503 SET character_set_client = utf8mb4 */;
CREATE TABLE `__migrationhistory` (
  `MigrationId` varchar(150) CHARACTER SET utf8 COLLATE utf8_general_ci NOT NULL,
  `ContextKey` varchar(300) CHARACTER SET utf8 COLLATE utf8_general_ci NOT NULL,
  `Model` longblob NOT NULL,
  `ProductVersion` varchar(32) CHARACTER SET utf8 COLLATE utf8_general_ci NOT NULL,
  PRIMARY KEY (`MigrationId`,`ContextKey`)
) ENGINE=InnoDB DEFAULT CHARSET=utf8mb4 COLLATE=utf8mb4_0900_ai_ci;
/*!40101 SET character_set_client = @saved_cs_client */;

--
-- Dumping data for table `__migrationhistory`
--

LOCK TABLES `__migrationhistory` WRITE;
/*!40000 ALTER TABLE `__migrationhistory` DISABLE KEYS */;
INSERT INTO `__migrationhistory` VALUES ('201905271406511_InitialCreate','CentralSportV1._0._1.Migrations.Configuration',_binary '\0\0\0\0\0\0\[Oo\6\wt2\NV\EbhEj\"\v\ih]}FI,D*\\"{\^\\\\\0[0b=mzfv̗?_\<XyG\<}\yx\8̽`\0et\G.\r\Q\p<ٙL( leY\˘p9ą!>\l],RT\3{	\0^4\&\f2ʖ\\`iҶ\0!.>fp#JVP|\0jB1o	0o\\i|\\\.̡ܘq\ZN6Br\\{\.(\x\"\\\ɮSQ\lFoDЅ\lNxdQ\G*b<Ĥ83\d1\\}\WԇdFb\[c\\ǈ0\\K\ly\L]n7\T:XՁ	E0\: Y\\:E\\?lT\ aT}.6n\\\r3\\\x<\\r/\gH@+7l|\?R/@ܣUjg5NB\\n3[6\ӈPo@\\\\\^\8r\rvnŨ\B1ڹ\&:v1uQ\cs#\X\$\N+\}\\\PP\r]\!M\aҠx4E?\G\8\F\04#BLX-\I\0\ۙp\\'!z1\\R;]\\w\r\p\\BZ\0P\0<y(%9\!`\u(䕓,_~j\Nϣ\!AW0\nAw\큠8@qWf8^uܕw-Ƙ\S>\'n#DJDe\E=h\Ft\\ƨR\k5\U\2\n\!8+_P(\"`O0\ t0HM\U?HEI)I\\\\@E\i\qQ\0j \0\\\\J\k\RA»\8uJ\׮Ԥ/fURrOz2\S\\|\H3ĥL\r\'\a\HY\'_\W\\\nRs6yCIe\\!f\[\H\S%ߌ\'\\1Jf\"I}I2;\r1F\\V\\0\U\,(ILC\~fNUT\Zb\\5d9\>^\F\\Feּ-9Y/:\r\Cp\n/\bS%qa^52\e\YmA\`mT񷀃[s/U}W\\Zܓ|c\\'\\0Lxh=[ؒHv\VvfmNq\^\jZN,J-\ny\j)c@G6فYhKXpM_LARךCoF\7(\V\n>T)cJr,\ZH@*vT\ \#\Zelո>zkLun%\~3)H	\riγq.۬j(\҈\^Z\6\\\[<L`e\\4*͂nmHSzH/J=pr%n>[}/VGZvEH͞\H\G\X3\}+R}JA*ծD\\D~_ɦؖ\=һ\z;%\sĆ3\\0AK\xV_&ݡV\\\\0\\i\i\=\;IЁ;Ud:\\\KL{\Zz\Z|G<0HW[\~\0XP\cklXѪY+f\\\l Vsu#/\zņojSO\\?2onjp&49fA)4tnѣ\L461I-6\\	:\\r\r?cCw\@\V\};*\\\&\:rzf_\*Cu\*POہ]&]Śo\#\I}\v\8zruٓB\+.K^q\\\m67\]S>:H4H>~\=%J\r\zHz\Z<m!ۦp/?)\\"s݊c)\#K\ZGZ\u9\yq.\.d,\p,\{G.b\\\lx]F\\'\觽/Ua\\<\Hl^_b\SţQD\M2\,\p.\)\ڈW0E^\Y{؇k?p\u3HAT\>}*\`l׋B\\\\\r%YA\0\0','6.2.0-61023'),('201905271413242_DefaultAspNetTablesGenerated','CentralSportV1._0._1.Migrations.Configuration',_binary '\0\0\0\0\0\0\\\\n\8}_`A\\ c\\v7q\`;Ӎ}hvHDe,\\\a>i~aH𦋭\ΠEOEX,\\\~z\	Ɖ\̞ƶ=gvJV?}?}\\/|t\'D\\~$$:u\}!HF\\8+2rq\\0;\\\ā¦X5\"\0s\\\؃A\\i\\"Cn@pf\!\"1ɷ\\a<zfuʶ\0B\0B>1Z/\"Z\0R\;rZw\\ɩ\ZPnp%9rTmJj\&/י*g/8\n΃\\\\Y\@2*\Zr\˘\\\:\չ\QiTǣ1wd\Ӏ1!>\\e\/;D\ru\\{\\'<yW\)\+\nh\]#S\\\m9b;GnX6ɵBm\ۺϟ!ZG:s?\֥\W\\\D87ie\0\z\'\pO:z?81W_`\&~O/a8\eC-\W^i\\`#\=א\M\x;4\Zެ\\7m&j\ZR֡MfBb׳uv(\H5\Z#	ZH<M*St5%Dw^/B\,Pd\\!,{3Po\@ЕHD?}\4  ^\\#F&\rl\\`Cs+.b\\\8%\;~%n\>\; ✹.LKj\Лc\}Wc\Ծ]y\0P\H+\CAZ\'z\n\G1\&Q?㵏ZE\)ZE\d}Ee`\$\fA3V9s<lw2\\ۼMkAMB\Ccywjp\cL_}o\8}A:4fC?2\ß\r\W\\@TSNV$\tk\YL\\,I\g@\n\Q~\\Y\Q7rdv\Z϶<ZBf\Fu\a\0	\\<T8<UC^U#X!Q\I-Ƭ`\TuZ\#jIj\qc}/y\5\01l\D\\#\rJN\\\r\൚Ƽͅ\]S\\&[|g]r\UYc;0\ft\ۇJW.f҉\`ܥډ\Zۃ*ysQt^=4ʻ\\յ\q`\r-`\U\g9Q9,ᮮl\"|]\4\F\XZ(T	\C\"\(\"zqFXK5P\ף5B%lNe\JkP\a1y;\A).po\1>\r\nj\\\rJ*:3\n\lג\!\\m%\}2h\\\Z\6ڮ$S\\-\JE\>\d+\"\nS\M<}LC\\ZDֵ+^b-x\\OIHaḉ&\Dp\P~s@8\\2\\jX\S\b(\o\m\6]\+\`!smx\\-kBs!2{Z\\E^}^\"LI~œRԦ\t\Z!uv=ZG!Lz/Ѻ\M>Y\QLaɵ\l\d\"\L\9+u\0^\\꺣)uL;~RzHYO2WlgШ;5\vG\$ԡ5\`kd뺣jrP\\\\UB^f<\l\\\v3\\,\l{:P\'\WxAY\\\ʀa^rq)j\7c\n\\r\to\\gj\"\iP&)B\7\\'Oq\YNb[\Zg\\`\\G\\y\C\\0+<\\\	x\A$^9ɚ^Ոc-b\j2\N*P%N}<<:\B\WV|d]%_KJ+\\Zɡ\$\wxQ\nۛxO\]\W{țY1M\XR&\/\%M\ti6~{vgA*͖\\-,1y`*Yv{\O,후M4O\ZFi\\xdo	\b\\\q\\\_\Zl$񙁏\֏DE\=nE\\.VLϭI\[el\{{Rr7jv7A3M\X`{&y0\}Zg-Jr\\7?y)\\rLL\ȝ\\\?\x׶fx\f\36\\?wx\\f\>0[\\gK뼅\=\WM]2\\\\\my}f{KL (g2\X+3Ss\\X8\n_m\r!߳7_ysfކ,\}d\"ku\\-\XSJ\[\<zҒ\\\6^̿D\A\"\õ\\+D%CNy\\\r1\;kґ\߉ \xD\v͒\\npyK$R\\Z\\-,&\nVs<\%\mJ\.\p/\4ϒEJ\\g\[s\^)&&d`\$,ػ~)n0\\\W:E0\nܢx\F\\3\\\0@\BT\\	Ǩ\\Oj\^/3X+\T\0\0','6.2.0-61023'),('201906071622054_Changed logic of few tables from database','CentralSportV1._0._1.Migrations.Configuration',_binary '\0\0\0\0\0\0\\\\n\8}_`A\\ c\\v7q\`;Ӎ}hvHDe,\\\a>i~aH𦋭\ΠEOEX,\\\~z\	Ɖ\̞ƶ=gvJV?}?}\\/|t\'D\\~$$:u\}!HF\\8+2rq\\0;\\\ā¦X5\"\0s\\\؃A\\i\\"Cn@pf\!\"1ɷ\\a<zfuʶ\0B\0B>1Z/\"Z\0R\;rZw\\ɩ\ZPnp%9rTmJj\&/י*g/8\n΃\\\\Y\@2*\Zr\˘\\\:\չ\QiTǣ1wd\Ӏ1!>\\e\/;D\ru\\{\\'<yW\)\+\nh\]#S\\\m9b;GnX6ɵBm\ۺϟ!ZG:s?\֥\W\\\D87ie\0\z\'\pO:z?81W_`\&~O/a8\eC-\W^i\\`#\=א\M\x;4\Zެ\\7m&j\ZR֡MfBb׳uv(\H5\Z#	ZH<M*St5%Dw^/B\,Pd\\!,{3Po\@ЕHD?}\4  ^\\#F&\rl\\`Cs+.b\\\8%\;~%n\>\; ✹.LKj\Лc\}Wc\Ծ]y\0P\H+\CAZ\'z\n\G1\&Q?㵏ZE\)ZE\d}Ee`\$\fA3V9s<lw2\\ۼMkAMB\Ccywjp\cL_}o\8}A:4fC?2\ß\r\W\\@TSNV$\tk\YL\\,I\g@\n\Q~\\Y\Q7rdv\Z϶<ZBf\Fu\a\0	\\<T8<UC^U#X!Q\I-Ƭ`\TuZ\#jIj\qc}/y\5\01l\D\\#\rJN\\\r\൚Ƽͅ\]S\\&[|g]r\UYc;0\ft\ۇJW.f҉\`ܥډ\Zۃ*ysQt^=4ʻ\\յ\q`\r-`\U\g9Q9,ᮮl\"|]\4\F\XZ(T	\C\"\(\"zqFXK5P\ף5B%lNe\JkP\a1y;\A).po\1>\r\nj\\\rJ*:3\n\lג\!\\m%\}2h\\\Z\6ڮ$S\\-\JE\>\d+\"\nS\M<}LC\\ZDֵ+^b-x\\OIHaḉ&\Dp\P~s@8\\2\\jX\S\b(\o\m\6]\+\`!smx\\-kBs!2{Z\\E^}^\"LI~œRԦ\t\Z!uv=ZG!Lz/Ѻ\M>Y\QLaɵ\l\d\"\L\9+u\0^\\꺣)uL;~RzHYO2WlgШ;5\vG\$ԡ5\`kd뺣jrP\\\\UB^f<\l\\\v3\\,\l{:P\'\WxAY\\\ʀa^rq)j\7c\n\\r\to\\gj\"\iP&)B\7\\'Oq\YNb[\Zg\\`\\G\\y\C\\0+<\\\	x\A$^9ɚ^Ոc-b\j2\N*P%N}<<:\B\WV|d]%_KJ+\\Zɡ\$\wxQ\nۛxO\]\W{țY1M\XR&\/\%M\ti6~{vgA*͖\\-,1y`*Yv{\O,후M4O\ZFi\\xdo	\b\\\q\\\_\Zl$񙁏\֏DE\=nE\\.VLϭI\[el\{{Rr7jv7A3M\X`{&y0\}Zg-Jr\\7?y)\\rLL\ȝ\\\?\x׶fx\f\36\\?wx\\f\>0[\\gK뼅\=\WM]2\\\\\my}f{KL (g2\X+3Ss\\X8\n_m\r!߳7_ysfކ,\}d\"ku\\-\XSJ\[\<zҒ\\\6^̿D\A\"\õ\\+D%CNy\\\r1\;kґ\߉ \xD\v͒\\npyK$R\\Z\\-,&\nVs<\%\mJ\.\p/\4ϒEJ\\g\[s\^)&&d`\$,ػ~)n0\\\W:E0\nܢx\F\\3\\\0@\BT\\	Ǩ\\Oj\^/3X+\T\0\0','6.2.0-61023'),('201906151501292_EmptyMigration','CentralSportV1._0._1.Migrations.Configuration',_binary '\0\0\0\0\0\0\Z\n\6\;:\']Zc7A\Hk@Kkf)R)Û\Ch/\JK(Sky\\+\|3\53\Ͽ\o\b\A\1{6\Pv,/߾\[_W	\|a\\n:n!@|`/b-\\c|\L9X5SHȟGzs\\s⦨\g\0qCɷ\\\l\\;T\-D)HH9\"bt\\"W$\!MӃ\&b,\7\Qٷ\j\D\'r\&:\ʅ$-U\\ލ\\/,h:($)$QLDB.\bk\ZRWW*,\\Z\ˈ\X\F`Ca\dwT͚Y{Fū\,UA7\ب\+XBHk?3\n-Tq(d8\#f[\\Еo*\)x\pM<N-%\\\N\\\Xs\\\@ X\Z2<\n*^[~y=W:CbD\\~\R\Z517zj\ZB#Xa.C\\\\Z\̨@kW@`\\\\&g\+\\\\$\2)H;\'j\s\ؗv zg\0c]!\\\P\L~Ԙp\r)_\D\X)v{^Z\\0Ee\\\[\\YxwS\݉L󰉸i\"y\Q){Oni\X\XJ=\JGI6҂\\̣\Sp\!	Y(\QB+%\\d)kUkAuEQ{h\KUEIw^\&W=\'k\!G\0qQ\\O,7otN\xGԶ$\@Y8\\	t;Y34[\\\jFz\}/\3VW\\40\0Pj\$\u=DPo16N/V\\0=o\\(u\6*\R\\\8\t^ӳ\\VCM\:/8NW_0\k6꘭EsܮFk\YQ\K8\EÞNZ݈-\Zs)\\Cb\\a\v,c+:\'\Z:\<Yx1)W3kK3ij;x66BTzuHei\\wx}\\3z*\\C8,ki$(K[\-\rp\̥AVמM\(+\ g\Y)*CWUE-\;v[\SIJ\e\x\2F@2ےtڸI>I=\"X\Z\\Q˳.kC\\\3\w8ٸ\Cv\r\"\E\~\\sM4?+!w\ga\#\3Uf<\8\\!\8\.\\14l|{\v\\e-M\9+t9 \F6`\Zܵ\<M=\\\'}[5\wO¦\\G߲aa{Y:\.\J\2G\\{g r\\G\u\ܩq>?WD9/)*Ђ\.Y\\ֺF\ /]$yB.{y:\H,IN\\E,\X\\;w\SѦ\0\\0A	pA\ǘާ\T\|/rEjS\"?\\\w!P_F\_P\6]s+\mj_#\>?\Hf\)c\\\_pY\x1\0\0','6.2.0-61023'),('201906162126058_TestEmpityMigration','CentralSportV1._0._1.Migrations.Configuration',_binary '\0\0\0\0\0\0\[\n\8/\ \\Zvݢ\Oi*\`\Z\"\"\}>\bw/\\\WX\_DR;\%9\\p\\?=\B)Y\\48\\d0#|\|\_\\'o|\罈\	I\\-\e1\|\&>vB\\O\[ȥ\t5Y  Le\\؇\xDwN]X\\\		\\<\C\\\r\\\tu6I\L㭇0\oi\Z\^3yH\\\\]m\c9rXN\izd91N\\"Y6E\x\"ob\\PLæ!\:<\x^\BO2g4i:=+$(Ĥ\\QQ<q\x\\0+ \U\\\2|\}a\\-Ynޞ\4>	SЍEnTV\\4@ D\K\9\"(:$}\"\3stȊߊ\7\߃?\l&X\\ҦU\svg\ni\9\\=	>ςRV\^֔Qy \Է;d/\4T\\}\V\r7\\'>\\\5ߋ\+`I\\\\ܿ3e?D73 %m\dm5s\\\L\܎wz\@\}P\/\0\+I\"\S{2*XG\X\\\'\\\\\G!A\\CP\u\Vn;\\.q\n\ݝʄvu\\r6E\p0\\Nv\H~,ewt6Js4\e<W$BExGkRGWNdq\=oɊkYb\\h6pR\Z&+EICF(\\r\@,cT^ \rKF)9\T,$cTv\\2\\"Te\\Jˆyy\R\\\(DvU\\\Ί\\\7?Ű\R+-4V \n\\\S2~8Aq~cZ=1\\L\\\\SbW\p\\0PX$\P];^\-NJMVy\D[S*ZehWV̊-=V\T\ZQS\V\qS\\NW\\kTǪA}ܶ*Xm\\\UU\97%?3zkhԳZt4\\k\}Ė\ZUeX[FUqa\*9b\%d|}1\Z\!\\\iN\\W\'^$\\ DTr@\\\\\QtL\\Z\n\r\\\0\R\0d.<dX8E\Z*@\r\P)\\CU\r\D+\2[䏟L\\\XqS\"jCVJ:egK\*)|GqdڋtDg\e>!N1\rTw\M\\oO<,.gUZ\i\r\|7=\:NŘ\\\\\+\\LBCs\f]p\ޘ79\Z߸<\d;rR\\Z2\r?\\Aid$W::DFՠhGG[\\8\\Fq\[:ڠ\PJn\r9@\xD5\0Z\'L\cH{\\#$\\\\ZM\r\Z_\HU+HZ\[#пa\_\\w8r\\|\5c\\{\\-\\\s\\t\\u\wI\p,5{\;n\r}c_k\\C\\w\\Z*~3\<\ϭꏃ\\𪄈*D\\%h>\,iU)Ҷ;\\oC\\b\ƒ/ȋĔ\3r \o\\T[\\ \\pApA\E\sO[A@ֱ#yܹ\H\\P|\\0qE\\\\\n`\Fw0ĶkaM^QlD}\\\	&YQʋ\"]7Zˇ#7\0\0','6.2.0-61023'),('201906201813287_ChangedKorisnikBool','CentralSportV1._0._1.Migrations.Configuration',_binary '\0\0\0\0\0\0\[\n\8/\ \\Zvݢ\Oi*\`\Z\"\"\}>\bw/\\\WX\_DR;\g\HN{\3\ d9LMC]LV3\\\\7e~\Ɨ\EL\'8	[Ŝ[\	)K>qo!Z\\\\lf0a\?Gc\\%<B\9uc\sb\'\\'\g4\_f\\\\$e3FB%i B(G\\(|x\\!%+;w	@\-\ 3\$׵iz\d91N,}\\'\\|[raBA~MCux\1]\'3C\"Nfϊ,(x@?3.;`sE\@$򼪺BaV{ ]4o>\23\s3:%\M\\\3\_\\'\nȍglNCxB\DC(Bh( A\'\Ql1\8G\|SN=LkŎ,uj(Y>\`w9ޓ\CaH,(ya\\QiMw\\nBKykC\\"LC\˩n\w\raH-ck|\#\\\`J8Z\Ll\\w&\\\Qv&1EIG\8Y[͜3\D?79\\ 2\+ nC\\_)\\=Ɣ\-#m\\P\L/-B8\V+o{\]\exw\":#nP4K$\\NJ9\]ҿ>;:,%\\9+\?EY\0\=~m\!Pa\Q&\G)HՂji\\\p\[\Ala0)Z)\r\\nȔJ}\J\\\|b:!\\HQʚ\\0a*$cTv\\\\"Te\Jy\R4\\(DvU\Z\\κ\\\8?Ű\Ҕ+-$V \n\B\S2~8Aq~\n\'\\\'\9}G;(\\< \n$<xGԋ|3؉Ui\\*ϛhsK2J\pTv\hŬ\\cM55:l\	7U3oK\p\}F\X\\mkU\\\;_U1=i\y\\i\-\\jѠїR\gU\+-M*l˲>Ԟ\JK\\"\ՃRŶ\\\eD\(\Y9\r׋ՉW\<Ies\^BJKCk@\\\\\\h\\B4n)\\{V.dFq^h\05jU]2\\MbAhe_F\\'8Vܔ\Z\\UG\jN\\J\'E\n_ee\l\eBzqt\츬18$S\\nrv\\xx}\\\\\\\xi	=8U<U9z:\?c7\\{rB\;\\\2{Pi34qy\v䤏9l\dp`I~z\O\\Ht*A12aq\yAϡ~37z\t<!*\\0h8CUH\g!\F֘j\x\\֎Gz^a\ꡅ5\'~?~\l3\~n\:q>/׌NZ\I\\I\"\%°T\Q/5\}#!r\s\rc_k|\|<?.4?W%D\C\\\4gdI}%̭jH\\8rE\\r9^\"eKFN /$\'\rg\\"\A\\2\;\\'u\AaP\\zD\\\\ѝզ@j\2C\0\is~ >+]\ݮ|r6yWF\r=uϏ1\gF\/~v\#\57\0\0','6.2.0-61023'),('201906202126098_ChangedImages','CentralSportV1._0._1.Migrations.Configuration',_binary '\0\0\0\0\0\0\[\n\6wt\Zv[`h\4A`cDj\"\}=԰\f}\(Y(S*cE\H|ߟL_?uÔ\\\hl[@\\\a\1_>\~\矦^`}\H	I\f\\\0\Fv#\蒏\\\Z8ȣ\\x38  leY\O1\88ą\ȿ,.V)B\\̞\!\\\\xe2ڊ\\#a\m!B(G\\||\`#JVP\\@&o|#\\v]\GON)C1\4\	8yɑ\\.(\x*\\7\i(g*\\mɺ\~\\(fIƣɳJ\Ol}G0#\'YW\k 3~\\\aX]\"\ZB\7`9wN]ܑ\\\\\s\_\\Ga\nJdFDw8H#%\0@VO8bu>\0Y;q\\P\+\r7Y\\0|\\\,>t$F{ҟ\\'+\\\\\?~yi6\.\	f\^\\n\4\\:\\]\\]A\ݺ\\S\Z\51\P)\^F\L5>\r\0%A^KJ6yٛ\\!\"+ڛ\X4%mGfZ9\\~jrn\[J}@\\- ,o\\o;|AneTtdmZrC\0=0\vA\'_GP\ub\p6?i\Q7(\-%\\\s7\E\HX\\\=U\{^o\\_\QR\=UB\HKb\',\L\\5\n*ndf6bE]\0i҈-:Z)6!g\Z\0\h Uo\2F偲*\d\6@\\\0@\wlxΚ;\n\|z\PTgFϮXC\\)[\e-\ramI7piU\\\-J\\m\V9\U]\\'oe48n\p0\0PX$]\GS?\~B5\*כhSGrJ\Զ\h\,k\nR\1:\\\p+S[ k\=ѫod\\BQjQY.iaV1\\)\\uAV1m\\km]T\\\ÛV\"\O\\\Z\Zi\}-u]_\GlaB-\\\Yŕe\T\K\\4\\T\T\"j\Yu\T\Ԍj\'^Δ\\ DBJKC{@\\Z\\w\\`\B4o)\\{v.dFki\05zZT\2J:\1Tc\'ZII\\"d\V\D\H\\:s:%+#wzNJ_ee\l8B{\H\4\P4f\"eReŶD*\\(Y\},.w\\(--kx֦)\dØ\\7\\\r\$\P\Q\ޡI6*C\w\¤\ZkWe6\\\7b\X_\o*MW)?\AcN̐+CaF5(&\\h2\2\:\\}ԿMm\R\\\Zԧ̎I\Tu\:dO7=B֘[\x\\YD3gm>\c;x>\\5[#f\Js@A菦l\zg%;\BOgc[h\29\xJ\\4\Z\ZMO\h9&3u\0ë\"=,7!HJ\|\9Y\w\[~y␽8^\"eK\\>#?[N[\\e\Øa[Sw\t\O\6O/\\3\0\\vt!D\o?aՂ\'sM\Te\;\'\\\ZP<\0$tClaV\\\l\Zdw\"\a`$^2R^|5\>\0\0','6.2.0-61023'),('201906202140506_EmptyMigration1','CentralSportV1._0._1.Migrations.Configuration',_binary '\0\0\0\0\0\0\[\n\6wt\Zv]`hSmNz[0ұ\Z\"5\n\@j\v>\^aO20vH\\//\'\\}\[w1L\̞ƶĥ&˙\W׿2={\K\EOH6o9 6\nQF|\\Au\\ߝ\\a,˚~	\l.\\%.<F9g\}2ߠZP\0,D.\\# <B<2}NFm1&\_\\"rą\\<d9\\r\_C\g9rXn\i|䔂93NYY|P\\"\"\'\"\|x	\\^Fb-Y\\%:=\ğYҦh򬨒\RM\\f\d3\2\WtdFb߯+k\\eDC3,2\'>wé;|!\M=#Łm}ڨDf\i\@8xsDj?Q\rduHD9#f[\\#%o,\)/\pM8M\r#ʧN\\ZZ 1\\\\P\^n\\T}\֗ԋÿ?\!ꔍ\a\9\l\a\\\F\ZZ\P8ҿ}0[W]\[\!f\Z*E\k\}\\r7\\'\\ߋ\+aA\\\&/-;S\8DC;\\L\V+\q\\\B\\xGz\cq\3\0\C\\\\\ޭ\TKw\\\F\\.\"\ʸNl?Ow\\NцwrӇu\\rʦvdI?{\'~.9/\\K\}\o\\e:WvBExGk4\RPGɣ\'2\Ҽ&wិT\50XFr\=MQ\e&4\"%`GK9\'#\DT _\\"_\r\[ƨP6@B\R\Su1rb (R]\NJ\D`ڧ\(EuV\5\h\4tb8.kakM⼉KBG#nPRG^\\V/lEs]ڕ\O|{*A\xe4O\0\\nUJK6s(R\Gԏ\Ī\5\&\ԑ\4\(m9+Z9˚\idL%rF9\#\J`k\Ԩ\\\zO*\ۀ.>(PjZT}Kڦ~Uqw\nAW]\\kpU\Ƣ>n\Zn[\G\$Uj:7HӺkڢG_K$b\W[\*l˲>\yVqa\\"6U\y2\r|5\1\Z-CV\3U\?5ډW39Q\,\\\\uV=3:\cc\ -\r\[\n\K,=Q|Ěj\Z*@Uw\؉V}R\o?)5\!\\\N\\nn\]\WY\q<\^9o3\81JTIؖ\6\z?J\G_|,.w(-ص_%3̧3\0\ziss8p?\J(w(roQ\$	=\\a!Cnv&4\\\_KP;4calmGNG4MW)?\Acv̐+bF5(\\\h32\:\\}пMr\P\\\Zԧ̎N\Tu\:eO<=B֘e\x\\Y5\mC?_\<F(\\l\5&^#f8Ks8@A菫_\3\M	M!\m杄c\\F[4t\PgzdFC\\rq4T>|v\\L\?\N\e	[-7!MJ\|\Y\w\[~y␽8^ e\̴}A~,7\1\7\\\\ֿP\<+f\a&.yc\+\>m\B\n\d3ª9Of\9\\w!O\xvA\\\v\\#,\:5\D\\>=\H4e5\\r)O>\0\0','6.2.0-61023'),('201906221812008_AddedTableOdabranaPoduzeća','CentralSportV1._0._1.Migrations.Configuration',_binary '\0\0\0\0\0\0\\\_o\6\`蹵\tn\\Oi\kHgDj\"\Pö\+SL6y;\\\k\\G\=@\0%sk:X# u1Yͭ/j~O3\}\	J\\\\m3\|\\>vB\蒏\\ȥ\d=\  ,5\Z\>Ec\\JxK\\\\\\b:|`r`n\0\!\r\\du:NȬ\#!\5BPy7}K\1Hr\\l\=\\(>]fPN\8;N_Je^r%\n5	uM|\*\\*\5yxaU\\\H\4O\^Ħ\\QsQ\\:6\\ZȜDWW,\*_C\Z@\7`\c\Ur[ϩ\\i/qd>\nQЭo4\4w@ D\k\9´)\02;$~\\F\o\".\9~7&\`q#jB\\\ح.}\\\C;@,ą\\\4`%㷛k\F\\\?\@2\"[x9Gi\>\\+\Aǥvx\0\\y!|\Z\\5\n0\`)\^\\ۙ\L\\\Z{\\ L?KJcFc\(@ߣ8F\"(\p;2\eϹ`GSݑ39\R\\"R\0u\m\n\0q\oBhF;xzJ\\\\0\\"9ddB\Z\M\!D{tJ^%\0\DGS\lb\\n\˲߭\~QJ\\w\/l0\]\w\!M\\sB($\<\	e\\G\?\w?ds%3\\SF]/kjHǳ(e \\cA;\ka\pG2Qf\;Q\\0\W#򄌣\p,\5yW\0H\-F Y+A]\0\IsbReH[\v\%\Z\ZU1T\j;K\\Zd|\(EL0U1JRZkrܕޕ4&\r\.Q\/u\oF\|ѽ\\'\\Z:A9\'qCI\"nQ|N\\zqJ\xU\\\n\g\\'4\Z-)\\8/\0g\\*$[څ<G\'ԋ|ՊU\UJ\\\ft(YvMRZe4\2Y3\Tj%힪G\Z8\Mde#z/S./>\)Pj8T}\j28\&\\yA\&)c\q\!e\u}־GM\\i\uT\Ӹ3ZcGm>j]]\GlhVaDWZ\gɶރʶm4O&`*ɦ§F0\RVU{\Zh\!*)\V:^PҚ>\2(JKO\Y`S\-j/T=\\\M_TWyE\'LHNT}ó:w{ഔ۫\R\#\*\;YdF^q14T\Z1CMEm\Z1TV-E\\\'c\e\nJD\rõЪ-W*fWM,\]V-2kEGyK\=/>JE\YZӘ+\k$T\mo\\\\\_O<,\\\ZZ\I\5\I35o3\zz\Z5\\q\\s	\\n;\;/Fg\\\hw\\^m\C\M\/\٧^v1gcj\\F\v\r,WO\'+\?\\Ac\\QZ掍rP\\4QlY9>lqV	u\\Tp5\m\\\(\\ZX㼬)\aX\\\XRT3]j.ֹsKP\ahqO\'nJٓeՃNt\\uM\E\\i\=\RJ3>\Sa}\L\7)\ne}I}dn9IYl\\ۑPqDlc\\ZL\njnPC$j`x|Q\YG\r?>Y/F\\2;WDp\*_\ KEqܲD\)\\GoB\\b\ƶ\_-g-\*\\1oM3v*\*?1Gbbq\"o#칹\\\rR\t[H\dj#\GU@N!\0q݈xx\\\"\0}daV\\d%e5\nCT\>;\H\c(|\_Y#)G\0\0','6.2.0-61023'),('201906221934441_ChangedTableOdabranaPoduzeća','CentralSportV1._0._1.Migrations.Configuration',_binary '\0\0\0\0\0\0\\\\n\6w0t\Zv[`hSmnz[0ұ\X\"5\n\j\v>\^aO2\rH$s\sxH%\\\ d5O\Vė\^ٙ\?d^\\H\\\\m3\|\\>vB\蒏\\ȥ\d=\  ,5\Z\>Ec\!\hYlQG,@̭ <D\\"!2N\\0k\\H\0oi!#.>a\!%E ^ \&\0\o<\D\s\s1N\\\"\^Km\(L,7\ĳ\.\\ZF\/.8l$u\r/ŏ\y<\naN ;?]Gv\\\3]\\\\nE[\xu\\0B\t\}Mî\\\d8F*\փ\7J+\4w@ D\k\9´)8$y\\F\o\"6\9~7{\pCؑN5%\\gva\V>Z\\\\C;@ą\\\@1~yiJo7\ԍt\{wEN1[(rX\\\3\}}2ht\\\\\.+\ې\\"fUH\~\.4fµ|\\\G\np\<XR2\62\G\"\r&1AIGڑ-{\\=ꎜ\R1uP݆ =&.<=\~<\\jew\0tLaB\\<Nc\\\\ӽ_;\Z#rN\\\붋׾\\Ydf\\e\F\J\\\頗r0)]\w\GJz/ۿ _T!A\!N(\:k\3\䗟\Dno?:\zYS;D8@\,\0\\'\=>cJm\8)<(3\}P\\0\[#\	D#!\$>ZDZb\-<a:K/\ՙ&\rbP\"gW\\\uk\0YÎEV\d\g\\\rQ\q~\\Z7@\52F)\"\@JmMRQzWV\%\n\BYfHd\ݫF~a;xkKY8\*DM\q\)\\\\\\kݪGș\ސ\[YdFK\+V\\L\\0۹BR\؅<\M\'ԋ|ՊU*&UJ\\h3[vmcA\Ҡc\d\p\ZS\rT/rZ!pcIRiwD/rj\\\\'\9b\-T\Z\\E2UuvܠW1kM2tS>zk,c\4G*i\\YB\ \G_JQƮ\#6\7ʰ\r\\R%+5d[Be۶1O&`*ɦ§F0\RVUE\Zh*(*)\Z:^PR>T2(JMO\Y0SD\pɖj/T]\\\M_\WyE\'L9I>gu\viIW/;-\n	RSCV\\\U \mO&j\SAC3\C\!ȍW#*\ފVdh~2f+r\\\D\0\\\X\J\\\)+\%Z`-\(wɥ\\G)\8K~\Z}9tFb\m{\}\\b\EKJK`<rX\oP!?͘\\\{j\q\q\\y	\\n;\+/Fi\}\iq-\\ۤ:	94\\65\Zn\&׋\l\\MhV\\U{\\TZ\F%(x\fd4\ +\f\\\M\G\}Ro\D\^Ak(.1\j,\~BCPk\КBo$\*.\N4E\0S.\ZgK7rGM9\D\=#\\\ZPk\1\'˪ɝ\Z-\\N\쵵Mr%{~|U{ROC)\`5\>\Lf\9O\>\/ə\-\'ImaKK\6\Ԑe<!n82%)j(`Ҩ!\4QC䏳%\	ʙ]O#S`xU@\wg\nЬ\Y\,\5ʺH\8r\rD\0e)A^$\^{\6\\\v[JhU\\U?1Sjb1\"o#칹\\\rR\-Z\\\Hu\n(]S@l7\".~ .W\=@\n|r6YY\r\\eb$\\Rbx>\Q3IIpG\0\0','6.2.0-61023'),('201906291644142_ChangedKorisnikProfilePicturePath','CentralSportV1._0._1.Migrations.Configuration',_binary '\0\0\0\0\0\0\\\\n\6w0t\Zv[`hSmnz[0ұ\X\"5\n\j\v>\^aO2\r[$\\ssߟ\^?\\B)[\\\Zq\jnE|W\\\K6\E<O$ln\q\6s\Gl\c\'.ء\\jM&\ө\r\X\\SD8aE|=āGȻ.x,}.F[\\G\s\hȿL\_\'\\q\\Z0,-[Z#D\o,xH\j\	@\[\"A*\q1]W\Q,],̠q\wHd\\{\ʕ(\x&\\7\[UέU(?`k$\:>\x^\\g#i\d<}[IUIǣ\x\ut\a\=l>\59<̮`XUG\!\r \OL\Lܖ\\\Ki/qd>\nVЭm4\4w@ D\k\9bk?R5dr>H9#f.\\ +~\'\Dsn$\\`q\"jL\\b[M\0h$m\01n\\*7㗗BI\暺\78\|\\)f\^kk\ZbFMf\m\\\\~X;]A\\\rIo-|\Z_ifi\DCXa&L\l\|\5?\\\\Ʒ};\nh0pJ:Ԏ\XmqD\\)ϗ\#-L[\\{D?\P\\[J=@\T\.\rAA\Z&.<\rD\hKW)[\\]$BvR*\'QS\2v\9\u\D\:Ibv\3s\\\\\\0?[|\tЗ0I]\w!%\ԡx	:qB\ѭvak8\\/]Ñ\޺t\\Mm\bl\\",\\\)9\\_\Q\c\YBFшKc8CB%\Z?G\`7R\`\\*i\0.\n&:\xȱ\Y>\r\X_djkU>M\P\\Uw\.5\@yQ\n^a*/)c<B\r4\d`)e6;e8[Q] \_*ХOF:|ѽZ\\'\\ZV99%qAI\\"nQ|N\\6zpJ\hUφ\\\n\g\\\\ZꙌWh\\\s\dv\ \:\	\"쨜bX\:\̖h\\(yW,u:Nc\T\JN+SU\r7ֹ4p*\\xGr	]|2F\Sf\0RY.\ì7o!(\\xN6\T)C7룷h\dZ\'v,SqFg\n\ZL\}*ՒK:\PW)\6\cK24\\e\+\ʂ\\<r\z\Z.[H\Uu;׫ӴR<$\^\Z\a\mf\ټ\DT\Zz2\Z晲O%IU[\J.bh\Z\	2\*8Ҽ}ݳ\	wF$W\4\#+\;s<dF\1\4T\Z>CT\2|\chE~]\\\'mE&\Ծ)56ez\J)\\);42\Rz\R49ϘLFBU\\\7߽q<>\~<q)ƓZkk\O\\l\\\O\\A\:q\\\\\n;\\;F\\P{q\\X#I.&\9+wocj5Y\FNzupWk+ҕFo!QZ\ZRPt]\\bmY\Omy	\rwJ\"ҭ-Ro\=ѽ<\P\Ĝ۬5\=-f\\\7*n5\¦\"\ru\Y&\Z\H7\nl\={pF\\nVn,\\ΪT\rF3-\;н\\6\\\r\̹\<E\0ݑ=V\y܇\\\z\"C߰$f斓\㶆\x%lknԠeR\pM\Z\\\R\ݙ\ZMrj\\ztfY\\^n!\\\\4sA4.B\2G\\\\G8oB\\b\ƶ\r\_)g-\*\\1oMYޙ\N\\Z\yv\ߘ	X\0W\m=7\A* bW6<n\\_mrz\\n(U\) B?+`Wdo7>\n9,ٽU\N1\g)F^|6\\"\ǧH\0\0','6.2.0-61023'),('201907021718416_ChangedNullValueForKorisnik','CentralSportV1._0._1.Migrations.Configuration',_binary '\0\0\0\0\0\0\\\\n\6w0t\Zv[`hSmnz[0ұ\X\"5\n\j\v>\^aO2\r[$\\ssߟ\^?\\B)[\\\Zq\jnE|W\\\K6\E<O$ln\q\6s\Gl\c\'.ء\\jM&\ө\r\X\\SD8aE|=āGȻ.x,}.F[\\G\s\hȿL\_\'\\q\\Z0,-[Z#D\o,xH\j\	@\[\"A*\q1]W\Q,],̠q\wHd\\{\ʕ(\x&\\7\[UέU(?`k$\:>\x^\\g#i\d<}[IUIǣ\x\ut\a\=l>\59<̮`XUG\!\r \OL\Lܖ\\\Ki/qd>\nVЭm4\4w@ D\k\9bk?R5dr>H9#f.\\ +~\'\Dsn$\\`q\"jL\\b[M\0h$m\01n\\*7㗗BI\暺\78\|\\)f\^kk\ZbFMf\m\\\\~X;]A\\\rIo-|\Z_ifi\DCXa&L\l\|\5?\\\\Ʒ};\nh0pJ:Ԏ\XmqD\\)ϗ\#-L[\\{D?\P\\[J=@\T\.\rAA\Z&.<\rD\hKW)[\\]$BvR*\'QS\2v\9\u\D\:Ibv\3s\\\\\\0?[|\tЗ0I]\w!%\ԡx	:qB\ѭvak8\\/]Ñ\޺t\\Mm\bl\\",\\\)9\\_\Q\c\YBFшKc8CB%\Z?G\`7R\`\\*i\0.\n&:\xȱ\Y>\r\X_djkU>M\P\\Uw\.5\@yQ\n^a*/)c<B\r4\d`)e6;e8[Q] \_*ХOF:|ѽZ\\'\\ZV99%qAI\\"nQ|N\\6zpJ\hUφ\\\n\g\\\\ZꙌWh\\\s\dv\ \:\	\"쨜bX\:\̖h\\(yW,u:Nc\T\JN+SU\r7ֹ4p*\\xGr	]|2F\Sf\0RY.\ì7o!(\\xN6\T)C7룷h\dZ\'v,SqFg\n\ZL\}*ՒK:\PW)\6\cK24\\e\+\ʂ\\<r\z\Z.[H\Uu;׫ӴR<$\^\Z\a\mf\ټ\DT\Zz2\Z晲O%IU[\J.bh\Z\	2\*8Ҽ}ݳ\	wF$W\4\#+\;s<dF\1\4T\Z>CT\2|\chE~]\\\'mE&\Ծ)56ez\J)\\);42\Rz\R49ϘLFBU\\\7߽q<>\~<q)ƓZkk\O\\l\\\O\\A\:q\\\\\n;\\;F\\P{q\\X#I.&\9+wocj5Y\FNzupWk+ҕFo!QZ\ZRPt]\\bmY\Omy	\rwJ\"ҭ-Ro\=ѽ<\P\Ĝ۬5\=-f\\\7*n5\¦\"\ru\Y&\Z\H7\nl\={pF\\nVn,\\ΪT\rF3-\;н\\6\\\r\̹\<E\0ݑ=V\y܇\\\z\"C߰$f斓\㶆\x%lknԠeR\pM\Z\\\R\ݙ\ZMrj\\ztfY\\^n!\\\\4sA4.B\2G\\\\G8oB\\b\ƶ\r\_)g-\*\\1oMYޙ\N\\Z\yv\ߘ	X\0W\m=7\A* bW6<n\\_mrz\\n(U\) B?+`Wdo7>\n9,ٽU\N1\g)F^|6\\"\ǧH\0\0','6.2.0-61023'),('201907041354196_AddedAdminTable','CentralSportV1._0._1.Migrations.Configuration',_binary '\0\0\0\0\0\0\\\_o\6\`蹵\tn\Oi\kHgDi\"\Pö\+/QL)\y\\h\q\\\\ \#sc:# gc![|m}\/3\}}\潊\qJB\\ciR\\\D\.zK6<\DgL&ө	\\X\\sHv!y\|\"\ҳ\w>QG\G̍ ,@\\u:62ct\`\EZ4F!\>`GV@Η|\9RE\:M\"̂0B\<#\UHH\k|2\fH\x)\]\qENG\'N\j]\qLb$L/r\I\\\0\\h\ux\`\lxk s:NYT.,|\χm>\2U\0\ǉ\nf\sZ0\W\\\:DiM\\=\Z17\\'@\̅\\q/\;\]Ǐ@V\nnvh\#\هT>,$Xf=3\Z~p?y}M\\\35?\'\~\r0Lt\оP\\\"!.\\\w\m=;=\\bn\pX\\{dFo?\tK\~\Z>$5\k|\c߷3\r`)w-\\5>svS\#\^~mt\Z\ϿC|\\\@ז=\2y뎜\\@\C\=:%v,n\}Q\4nDfa\r}N3\޳\U*Vv\@\si*a\ǖ\'\\\xR\w\\\\o\\\0{\#cxm\3<\\\[\^gJ\f\s, \ĈG\\*_l?*\r\8Yi8aI\n4gO`\\ \"\\cA;\[\pK2Qf\;Q\\0{[#򄌣g8R\J%v\#k\ncйk%`\N!BR\ZƪHWj+\ź]\"\\0-ŕ_\ra-D1d?\j[K\\\Z/=?(EFPY1JR\Zkr\\TU\))\.\S*Ǧ_Frѽ6\&EJ9\'\rC	5\"nQ9Ol6\$*\,14˞͎Plh\Js\\\N\	D)bʅȪ\'FڊS,+H\\:\\\ά-HDK(\)T,%SRn(X\b\`\\\fir\ef8\勜\r+\XTT +\\\\Zty\8E\uP1\\\\\W7\nB\j\2fmPVn\ZWGoٴN\McͬO\\j9\\\2vuD\UmV\\[e\\a%\jX2۶\t\uWeI\<,Ѥ+H+lU y\0U\\\\ʩR\{i9ԱdB*=g-~\O)K\ʽPv$}vƄ^B1H\0ł<MP\\\RZ&vK\\PT.n\Z\\%\\س\Z!TrRy\(\,Ո!ݴU!ZdيO]v\"*VnRaj:ie\Ju|-X\\h\\y^*<)ƈ/\\\\\g\8+\\̸䫴ʒ:z\TyP|\N\y\O58Z\\\-\2(\PP\\\*\{\s+Z_Y*M5z\%NgM\\\|sږJ`;r\\9\A\hR\%Vgzx4Ѓ,}	uk<&k\\\S{ơz\\Z\x\\bҭ<\-\#)\O~\\0\\D\\\7\"	\;w檉lGkkLeJ\@}\>{4\ם\k?M\=\5z\}+L\\\jnX\ee\\q\7W*Y[/m\\nt6+\XA\6(+Y\\gO_G\\\jv\n\n\lE\y\l\YzY\\%ʦA\y9^\"a(\7|ENȧ`_\1\\:3\^yv\GQ*p11WȻ;v.yC @D!7}¥Z\\j#\Ȁ\\;v#\,\\\GX!k\ \\rQ]\)F<4\(\܇m\R\m\M\0\0','6.2.0-61023'),('201907041407066_ChangedKorisnikTable','CentralSportV1._0._1.Migrations.Configuration',_binary '\0\0\0\0\0\0\\\\n\8/\`\\Zv\\"\Oi\`\X\"\}>\bw/\\\WX\_DRh9\%9\\pF3g\g\uFP쑹1O˳1Y͍-_6޾ٙ\>f^E8%s\1\4u.c[G%[k\"\3&\\\\ap\h9$\?O<b\B\\\z684}\G1\\rȂq\Y^N\\&\o\qBfHp\\1ĸG7,\j\\\[\"B\Q1]U\AYfPVH\vJ\\{-/\"_\3\li/\\@9\\\\	Y\<_)E\!\OO\n0\'F_\[[`\[\qʢraX\tx>l\>NT0ĦHӊ:0F\ց\\'Jk`^\0\@\׈1I?yj\Ef.\\PƎ{!\%zd\\\\o\\?=H%!D5ˬgfa\Vï\\'\S}Fw\9ɐ.]\\\};@$ą\\\n_G)\wk\ÿ?`O2p\"[8\#\^)\>\\\+\\"\\RA;_F\\\0\o\c\Z_*\n\\LXa\]\\t\\\\Ck_Gc\Fc\\Gߣ8<(p;\\eϹ@\\#gr<\l!rN=|ےa/\Sg\\0\iab\c\DԌt\=\Ed$%C\C\\E\>ŉ9\0\<T*\'0=7\\{ar#}y\bz\\]\Δ\+M\\, \ĈG\\*l\;\r\8\i8\I\n74gO8q\\ \"\\cA;С[\pK2Qf\;Q\\0{rG(\	G-!	\p̕HEK\\Z=G\\7RǠs!\JPB6Fe:/\\Wv!;Ud[\3\Z\Zv&b\>\j[K\\\Z/\?(EFPY1JR\Zkr\\*Yr)\\.\wTMiq\{\M0L6\,sisN<\ZpF9k.\9(;Eݢ\\<\ڴ\k\'Y\W\Cc\\\\\bkTD+V+\rXO\%HS.,\@V\<\%E\VYA*ױfvfmD\"ZB\NY\e)	rk\Uª$u\-k+=66K.5\)XLF(_䴎X]\ƪN,\\0Y\^.ՠ˃\\)|\-d\n!\'\ő}eU\M:^VƬ\r\6\\\\M\\\2։i,UiљCb\6GK@VƮ#6Tʰ\r\\\B+d[QKf\6o\Uy$sMX|4\\n\j\n![HeUj8WrT\^\Z\\hm&u,P~*\nC\\Y\q])ETp\ZʶR\\Q(ɼXþI@\mZJ7\-U\\n\\\A\\%M\Y{6Q#?\4d\n1CN*E\Z1dV\"D\1[q\\nRDõ\\-W*TM\'-l]\!42kG\├{~-9\\\_{B\yp2\zv|Yጣq牃\ŌKJK,KOF\綏I\4׮*\j\\\R@\~cz;)=WJ@iZҩ\ZI\t{/HQf\dPwф~\>\\'ɠmk\#Ǖ~w\/ H\?\\Aᶁ&UZh\ GGӥ=\\z\4Atn\hn\\S{Eơ\E\Z\x\\bҭ<\=\=)9\O~\\0\\D\\\7$	\;wv檙lGkk\eJ\@\>ڟ{~\Uwy\'9\\Op\\b\\\\z#\Sq79VrZ;C\͕JD\\\K[;/\\n\k3Vf\\nh\gV਻Y\\[\\\3[\N\U_W蠷\0\\\\E1nYl\.!Ǚ\\%\\W\|ʙ{\n߮S\n)\;3\\\UgW~\P\npEޅرs\\"\n\.ՂEEV~SD.\)_7\7\7q@\=@\n(|6YUA\\eb\\KS\>lo3q\M\0\0','6.2.0-61023'),('201907041440274_ChangedDatabaseLayout','CentralSportV1._0._1.Migrations.Configuration',_binary '\0\0\0\0\0\0\\\\r\6w\\9ei=R22ı\'s\\JE,z@\\<O_ \_@\Z=Xv؅vW\\o}o\0!Ô̬\\Zq\rfE|W\\\\\k\UN\$lf\q\6s\Gl\c\'.ء\\jN&\6K`F\\\؇\xBwI]X:.f\	\\ȁuț4\_\\&\o\\6k\\H4oa!#.>a0\!%\y eX@T\bL\X&ؘA9\\\x*=$[\\먭\1\\\X\\(g\2\5ixa\\#i\d|\"\'EB\\/F\ѭBW@f$2a1WC\!\r \\ϰH\Lݖ\\[7\\n&o.\\G K~\'.\D9~7I\\`qC Inbn\þO\B}\\6-d\\hG~n\\\Z+r٪Z䊆\k\\\\I{o`x; \\n_\\03\r\\5\hK̄i9𙏰?)\h\!<XP7\do\~\{7pJ:\\Xm\r.\\\7䌏wzHggD{tJ\{\^\^\i\\aa\\c\@Ԍ6xXJ\\\\b#d B\Z d\,\\b\یWvzT\/y[P<f]`;Rzw>\$u};\b&CR\o\= \\BN\CP\u\V;[\?\\O#t\\b[p9\\\Cd\\[\\>fvzG\`pWzXEif7\l`\'q\\Qx\\r&r\ 6x\r\/ؔM\KEJ]F\2\5lb\\"WCX2f2\Z\rQp~\)[oC52F\=\@JsMRQU7ef+\o\K\Ktd4Oq/\݋S\vXC*\6\i(J\8dqt\\u\eՋ8\VnȾ8l}fFL\+N\\\DVȹRr\;\CuB\\'[\neX2U4^GڒP)ڵcb-Nǔʚ\44ڨ>\T=\\JN\\0Y\^.ՠ˓\\(8b\,T\Zު\EzUv<Wٔ1kM2tӼ>zkLuai\Z/y\ZWtP4ШѧR-3\r2lô>T#)\JS4\VQ\mO[(T.bͳqˊǸ)\'\u\\\UsJL+J\C\f`J\RJ%24lg\>\Z&ٲWm\'ik7&B\n*\)	\\oPnϨtIղ[ WPzrp\|\`@瞍\\:\nP\g]FzUHK\\"~6j+2iD\P\\\^\J\Y-+e\%fZjS^S\SR*s5~o \7K8\&9\woϏ?O<,.V\\SZ\0\k\\/ϯl\\\O\jC\\ZP\ܡ^yr7~?䮭}\P{q}\XI\&#si\\\r\\m\k\ۑ\Zbm3\\&m\'])htd\(E\ZM\f]\f\[\P\[J=\\ѽ\xj\'t/ϸcs^\]\/t*dc_\Mc,h*S\4ښ\]UM}]\gZU\e\vYuOXm.4\'h5\\|L\0\r\-s[!\_ܞ~\&3M&/1qVa\X[-\Z\\n\n;550\שA\tɧ\SLO\e/81Yfk.Ȃf\E[\([\"9K\\m\9\\L;XҪyXr\߂{A\".\o\[\\\\*\ӫ \L \\B\"\\"\9\\\rR\ Ɠ\\\h\r#}D(=S@\\7\"~ a\=@\n|%r\Y\\\r]\cb$\Rb(l\_\g\H\0\0','6.2.0-61023'),('201907041506204_ChangedDatabaseLogic','CentralSportV1._0._1.Migrations.Configuration',_binary '\0\0\0\0\0\0\\\_o\6\`蹵n\\Oti\kHgDj\"\Pö\+/QB)%&y\wݹ\\\M\!du0Y u1Y/^޾\?L\\^\\%a\\ȶs>bS;!etŧm\Rp6\>8A@Xk2\>$\\cJx\ǲq1LP\',@,c <D\2!z06~;d\䝇\\5AP\\5%)Y/1/\\0ĺd\ue\2\%a\DS\'\\l|\Q[\!c<\ͷ\\Q.u(\ck\"::\x]\AO3i\lz𢰒\'EBX\\/&WэB7@$\vņ\\\m@]4o?\*r1\:-\\M\TZa\\\z\rȚߊ\0F~\G2{&X\(>G7^9`wa_\\vN{>Zj)\\o\\`9\p~n\\\⷗\M\k\ZbFfU\cۥ*i\S&w3BW\r0\\\\\֘	\r\\SaoS\ц\xd|\\'\;\nwh,#\t\i{m}\9gDsӚ}\Dz \ܡ*\W\#+*N;Q݄ \v\\\e\S!+\\\\4V\m\"\\{\̼\Y;\\\0_\yF\\[b;S\bQp܂P|9	:qBߣ*\\\/=LP:v\`O{B6.\I.AȒvp$t\3r\ap\,\0F7e{UT\0\we\aJGၷ\5\J\\\a\R\%pPn\"L׊\'\0\#eQ\dշj\#\l2Pe\\7@\\\\0̵XaJe\Nly5\V\\(W\s\\d\\^.ת\vXKɪ\m\P4+X\\\\rױ\7\/\s^!\\)F\L\+OL\DV(v\IBtBu\zOubUV5\xmnKBɧh7QVt9S*k\ИP}\Y)~­-\rZa6\Z1j@W\'QqĔY\05CM\e~U\n:\(\T1mU*tۼ>zg9ʦsaiZ+05yZW\Шh\\RT\3-*l˴>T(\JS\4\U\rQ鶋ǭSTKjO\ٸe\cܔփ\pٺ@j*\ݹ^9S!y\\\0C\20aPETz6\Z~\3eJD\r\U[\I.qh\Z\	\*za\eu8\ZԮ\3#\_Ru,\\\\\6\3+\g\5)\jR\(su\w\v\[\\\Fme&͔ޔ\Z\Uk?NDw\̞5\Hm\K\n\ESJeγ\\\<cĚ\nc\.4\\B\rŅ80V\o)j?\\x>?\"s=_\r\߿Gs\fe\\\Ðv\9>C\r\\N\\nCU\rМ\suc44\IqX!tu\vǨmSttceh6Ĥ\\\~k3\\\ۥo(J㩍у<\\rz\F\ԡӧ\	\\&8c\S\Z\v&\:v\<\\\Z\ٮ\-&HОO\Zc\\宷\\"3NCl4O\\\\\f\"է\fx&Oh`鶍uIj2\Pnݗ\Z\m\\yjp4\\\t\ܮ/`x]B\\'\Ssw\Vw/\p\.\x.`,\\H,9o=\'O\w\m\\nIl}\\ \L pI\G\s}8HD\\n?OKm\mM\N \0q݈x>x$KtCv\\7X#g\'\\ +~\?YQҋ]\\\r]H\0\0','6.2.0-61023'),('201907041759222_AddedTableAdmin','CentralSportV1._0._1.Migrations.Configuration',_binary '\0\0\0\0\0\0\\\\n\6w0t\Zv]`H\\4A\%\a,Hq_5lYg0\_DRh\\MD|\9<\G?}r\#)\"xnL\cEl7s#`뗯o~evaOiWa;.\ܸg\;5Mj\Cб,Pfc&y2nN&\\\Zf̐yN=\0\\СI9YFO\\38K\\tm26\b\\\Awi	1\\K\Yz\08_v\\\0\i\\\uLpLf.BYe\m	8}L)wj#D>|\.u4s\.⸢\s\[5N8~1L\\o8,\\ lbtd}/dS\*\,+[x\g\p\0\g̲)Jg`<N\\Ս\5x\E0\\}$~r_0\VN^`6kva?gfn\F/\\iQW?H\\0\B&:7\\\6vuXzho;qewTp\0O4\\;\\-`7x趡\'\b\ꕩ\~i\\>L\C\)ڛy>ޫ­\\x*\mG7r\\ݢ \\\rt\\[;\0F?N*ꔣ\\Q>\0\\i?\\@[\/`\0?\\k\`tж)+v\Zr\n\"6X\0/\\\0a>uMHh[\&\\ŃldHC\\4xA,2ީr\ZӳmmH\n;\b\\=Ԫ^\\\\Pwf\k|\\\`\00GS\e;uF[(}\e\0=\4.<H.\!2Ҿ\'u9\\\9sf\0;\Ͽ\\+\n\CE\3\ô0\FK\q;\n/sL.!+B|\\}1ZDM\o$\"Bz\\H+\\g\MĐث \\Z\/\+t{)\ɢBe\W\(D\nH\?3O̙Z3jSJהpk\y|8ޤdLޗ\c\=\fC	\\5\\%)[\0V \\\[iV^wINu)yO\\"{X-\K>:GYRڷ\"\+=\'N\\F\\'c>K@Yiif\nCgάLUDC()\rT\$STRnN,[K\W=Xhl\]&SLP>\	\X\ZRD\@\[y\nth\"K\B\rQZ\OˋYF\"6J\\xYTǭ\\\u\荤[QMc\\\J\m\ZCS\Qi̠\5\5,YZ[ÊBU7K6q^2\6ɴXuN$m&,K~3\\n\j\n![He$X9nJ\5\%Cȩ\"Pu4Κ\Z\\RDl{lK(\'}ǄH\0E2H&yoju\[\DP\!K\\[&s	Xw4Q#;~\4d\n1C.*9S2V-Th\O]v\"*AVnKR6{\c\!Pӳ+\'\bL{v-8ϒ\_F\qp\\zDvt[\\q繃\|֐>3^\J\I\ԜW^\ru\\yu*̧8\p[\4s^h=-\mߥt>M\AM쭇V\rՇu\',T\9\\N\:bٻ=rЄ.\P \N\]cixW\a&%u4AKh¯}_Lښwc!\\\g\"d_5F\\Un)ϷedVeO\\\0\\m\\ZKzL~Zᚸ\tv(lp	M	\\_&?\>\\],}\_ank\\\\C̣xoz\QrDZ:^O\憽\"|qv\V|\\Z-\\zL\b]:o\"+\\ڲBg{\Y\G+h\}ZA\^Wgfܚ- E\"0\4ms\$[|\Mv\ryd9ZjR\Z\n7pWо\7\3Jrv\\\f\rg7^Euw!.@&J \ \D~ɭ\\f!}\"X( _noL]o K\p]JS\A<\<4\\\'a\}z?ŢsxN\0\0','6.2.0-61023'),('201907041815109_AddedTableAdmin2','CentralSportV1._0._1.Migrations.Configuration',_binary '\0\0\0\0\0\0\\\_o\6\`蹵\n&iti\kHØ\"5\n\~}a\\yF(QZ\n\x\;\\x\\\diͧ3kC]D6K+\뗯o~iq\zٸW\8AI\Һ\\?m\\A2\Sz6p}4j\\6LC\yJ}|I]Y\.zV1\\ \)$<\0x\ӀOͦ\\ӄ̚`ĔV	 rńo\\\\\r\0\P[\`*\q1\\W\Q$]fPN\8:\_d\佖\\Q,\Xnri\CW\t|hT\2Oc\i\l:[H)A!\a\0\\\#\#\}[H$ĸ<U1Y\WiM\aw\:\0\'vؖsZ0S0ukr	d\\\&	\~vrC\0$\nq\`s\0v\V+\\hP_;H\G\m!\'\\Zbm\\CB=5Dp{\BF8%Ĝ\\~ǚ\5\wW\m\\-\r#h\\*3\\\\Mc)\ۙ>(\m\0]iefi\07	\r\=ۢs <Ĕp\\p1\\S2\\2> \\2\I\ַ\\G@?׭9\;J1\C\=8}0+mQt\!\6\0i|o@jF=<]\\!\\"{R!9@\b\\:?*s\0f\\\\~;&}N\\Ÿ\{h%3u.\\\\Y@\=Ā\P\OPP:{\`O{\m\\F?\\\t\.2\\'t9\\;r\\0ŏҍ\\*J\cE\\2Nҩ%JZ\#o0S+aK!T &)$)h̴\\y2FQ\\\\s\r \\C_\\\\7C[\ZtA\ӥRĊ\ZSy_\\\j &\\rH\\I6\\ڊ\\\;o\2Yݗ\N/֐\gs\4%\n\b\Q\\D\jê\N\Βd\\\\\boUF+V\䱜0b1\\L\)šGZ8y޳֑$rvm餘\"\AKK2\'j]\\Ī\=j+?ʚ\44\"T/rnpcR<lwD/gk\\\gcy7e*@\r\Prq_\̪b\nܡWKѕ1kM2tS>zkʭ̦u`i\Zly\ZGt\P˨5\\R͟=\r92lC>+\J]4ٖR鶍îSd\*O1\ٸe\O&SNZ^\e\*Vu\z)VN\\K==\BRSeP\\kcܔ}*5LVm#:ik3&\(TV\	SN\a\ vݎQ-Iꑪe`@\ u\\n\\\,=߾r\Z*@\r&U\"RN+ZPE\l\V\wқQCq-j͕r$U\)3/{tW\zH\+\<$\_DK΋W\H\rNXTȍow\4\\b$.F\\UZCƓ\:(=r!17\\\jze\\\<A=\\B~lz\gkUJ\3Tbn\TF9\\8\\is\F\:α+q0ghb\\Ax,-\nfY(\1iA0,80\X]\Lw)-\pA/9Z4\\C6ߠ=D\Ztt]\\+V\XT\\&\0&\Z\\py5g\V?6д\E\{1^S\\է\\\E=,>\:ʯ\Wz[\$?\\˅Pɔ\\e쭱/ϒ5\\rYc2}1Ï58~Y\\\\\o-\ C\"t{\4sA\4bB\!\Ϝ\E\'!\\-t/\U\\\1\\\]Yޅ\\?~l^\ʏ	\4^w!\n>\\rX\P\+m7\%@\A\F\1\\q+\\n\rn˒j.\\=b\Sذ\=DEN\0\0','6.2.0-61023'),('201907042336388_AddedFKInImages','CentralSportV1._0._1.Migrations.Configuration',_binary '\0\0\0\0\0\0\\\\n\6\;:[\ޢ@\-NR۬qv\[HõD\"\-z\Cm/\JK(S\n-{Yoᐚ\\?\\(\"xa\&SӀ\&\ۅ͗ߘ\gK\{6>f㾊\qJL\#ceQzN<d\r\ĳC\\\\lfAar,Ø߆!\?\%6Y\\@\g\Z\l0\0k\\lr?\\&	ip\\ݘ0g(\\\\\\\r\\\0\t\"g\p\9M_Gs\n\\)#^G\W\\"Y\"y6E\\xɗ\Y\K0\!+r:[A4u\'1+C2\^\\\ea\0\\W\E[#;8tݲ\\X\Wi\M\\À\o\&\0rΓ)XUbK\iE\d\,\\rx\-{\`ʍ\n=C\'kI\\F|g;.;xpa=\n}Z6\F\AJ>%M-\cX\P̕\y`i_sHǶHk-d#XB\\=q\_\?ñx\\\n_ k\.	ށ\'\K\/\\\\\\^Ļ%n2\2>\"&a`\/%Am`\]\l\pV\܈\nz\f`\\7\格+]z\0\\\|\\|9&\r\\2 \n}\\'0 ϐ%~})u\k~\ܳ\gޑ\0Qv}\wF?~O.h\\:r6A\vh\O\0n\\eOtb?>\K\\\\\3r8\2e||(;\\\2ۺ5gr!@\0\C\'pAx]\~6*A\ ;\\0\|\{ 5~<RN&\!\XYQm3\cLOĊFfF?Y\\)\n\1A\Mi\A\;(n}D<Yd\Y\9\F\\x]\Y\%vCߡ\T*߱|J\\uΥ\2Eݮ2h\I:p	\rXAY<YȔ}QWƇm#\.\97[Y\\"\\"\u\r0F\\Y=Ї\\\"(\\gs4sh\\V\\\j]nA*L\kV\\Z<\\nSgE&BX\u\rY5[\\\"@cT\5$&\"dW\:ЗvS\rƦE\"S\\B$\"\F^C\r<_\\YjTv	1Jg\\\r\\'a\p\\i,d\'\\ZϙO\\Sw%$qYՙ6v,X\[\M%y2\\#\X/T\\w\%Mn\\\	̅^ΚKz\.\0 :)WVu>S\xK][e\'_48\\O΋~4OXҷ.~(\\\\z,z\H+Nr֑\0\9S[\M%-e\Z$x\nR\u?jK〾J\\'3K\f8\勜>p\ʵ\v\0]\<(H]v!ET0Zv\KMPj\/C\n]\b*uFM\\\ri:bk\̠u:?!\^\ tc6%\\M\\b꼌,\ȿqt9\rϐ\]FkzYz\EZM\!K\\\\\r\\\\2ց\\d>#\V1\V3vjm\\謚q~l\\\t\F\a\I\\'s2nY(\\\\\\*܁\ҳUwn\TɾJn԰T\@~\lt$c\c\S`rR	\Ъ\\\,\n\n65ڊ.I\B+\\\)aYU4\rz@wR\\Z\!9<-\iWTR\'CL/\r\H~;\'.\.F\U\@ʒLMTY)<GR\mת\\Z\	#\I\\\\\'\k\U\i\\=-\]\\,r6}K\'U\9\R\\na\ZC\?\\Q^3cjG\z-[\\Z֧dIt,[v`O)Uv4xsݔt\0<G\Pi˟4a\k41h.lꥃ\\B\\n7\\hB\\r\nU4\\R2>F;9E3Q~\Qq\WsA\q}J\ԊDp5/b\\lxJ>\7ƨШj\Ñ?\"%1qj	4.bP@\:\\\ug>\>[;wp\;$B0\$0{ͧ@b\^+\_\B\\n8W \1\\\uP`y\"=j!\\?\ɽ7E\\"\\9qAlp)8ܝm\x\r)?7\C.\\\\U\UOz\\\?\\<_\1.&\S+&D\}\pq@D\'\\'\F\\v##X(]@\r0\k\\\\,O(9\\/\ǎGS\6\x\\uόV\0\0','6.2.0-61023'),('201907051630124_AddedUsernameColumnds','CentralSportV1._0._1.Migrations.Configuration',_binary '\0\0\0\0\0\0\\\\n\6/\ \LZ\	H\\\\gAK\6%R+R;=\\'Z\\%yB\"Ք̖L\+b\\9\'QD\>\mbxov\6_k\g\s\\\\~d,<u\>\\0\Y܈Pa3v>\99q 9e-nc\P\0\\9.Y\A\\fZ@\0i\\\!f\!\\\|v2˺\֙\0\\Z\\\'\n\,\"xy\!\\60\i\\\wNɜc\Ɣ\'\\7\"9bAKmȗ/7\\'Nri/@Wtz\GI\e\XB\\Mɐ\\'\\>#\0N\Z>\>r\\\Aı\ׇ\\\\Z\cDB-\\@\Y6\\{}Ŏ\<9-8\m\<=M0\\B\\+Jr|\X\\qD/Jߝ,\F4Oh(\3\\b\ZPv\rc	\\\nҡt\zO͆d\\\0.\'`B*\#\_\\©\@t\1F<m\/a,a\O[\Gf~}V\\tHpKzϼ\D[\lđ;t\:l˔\0S\\ZƽVtZ\B⻥Qq#>ܐԒw\0\_Z]ap%\\P6*\ˈ\_e\\6h\3ƞQ~mG-	/u_P:³rB\\n\}9^\;\0)*pC+\4dT\\"\\\/tR2\knktsOn\ƓV:D~KC\=הܶ\\\\\o\]3\\7\\p\\\>X:\t\\0a>{rɽ\*Vq\\\$DҔU`\\0\\i\Կ\\{\-\\\ф\/-OE\\Do\\ ~cRǃ/J\I\\V\:OAB\T\8(UxY|\6\'q=\\\n6\\2g\0\n\(lQ+|\Zgn\<\\.A{L\\m5\ý9Zr8\`ĹNprCB\X_\\dڥ(\{x\,\$qPJf-\©mΓ34\0\ٚ>3Dan\\fQ[\\MPא5\\N\Q`w\l\*b\"B@Qqm7 B\ݻR\@vCu\"o!\Z,-D:5\\	(5J5S\F\rSh躵4\]\rIA.9S(c\\\\onţ\\rC\\jpkz\EJa8.<L)G[Jb$\3jh>\+Qvx\0<VQPU/mm\+Z\'\z|!#1\9\\\doE!Az\rN8/c:qʗ)\rpLk\Z\'TXkSzR\ihJ\SGS[\+%\Z)M\0\\44\^\AHs\K4p\Z\2	d\\\0z\F^jHQHSP\"jPz;\\%ХG\(<UC\nU\s:X\5e`\5\:\\\\%Uu`Y>4,\Ѥ\@SF\:\R\nP\6MSiZ&UD\\V4\ԓ\\wF\b:3H[5\2ZmF9vfY\J{\ZE9P5L]en\uhtc)\5*N\ۼ\Z㯸2\\n\5.\M\M\\Ԉ%+ζhܛBXubt\"7\\ UhI:U\0͊Xը\67%\:5W6U\\]-*V3[\\bRzy.\\/l\Vn;kb[|\k\\gI,﹏7|6,.od\6Rb_OzC\KBզF\\r}vH\p{guZ9sW\r\,\!\g(\\ҩ2K	|z[\J!N\\\(oU\\ͩ5mf\\C\\Z5dŕ\4\r\\Ő\7vO\\\\\7܆5\-4Y\:3͐\0y\Z1v\\rB<AF\dA2\0ZoHӠsL)\'Ss\\f2+Bd\h	Zd\d\`\!N7z \\\:sbx\\YEX\;G8䁗;s\Hslb\/\"kŠ))GV\N\ap[	f\\DvƤ\\\\\/FMP>\'|\\Њ^Dv׼\,ĐZͧ4! 㾱L\rYƲ24dM\\h8\CC\x!\Z9fZx\9(\Z\"_I\ʀ\:zJJ;V\\f\O\r\MѶHp,n\bmF\\Q\D8\@<nN\\"6eڅY&*f̧__\t\Onc^\/&\S+.FWJrpQ@$\G\\3]rR3ݗH\ʗtw0}FWx\r\}\'xA+\\	hQ\?9\\0<U1Y\0\0','6.2.0-61023'),('201907051631485_AddedUsernameColumns','CentralSportV1._0._1.Migrations.Configuration',_binary '\0\0\0\0\0\0\\\\n\6/\ \LZ\	H\\\\gAK\6%R+R;=\\'Z\\%yB\"Ք̖L\+b\\9\'QD\>\mbxov\6_k\g\s\\\\~d,<u\>\\0\Y܈Pa3v>\99q 9e-nc\P\0\\9.Y\A\\fZ@\0i\\\!f\!\\\|v2˺\֙\0\\Z\\\'\n\,\"xy\!\\60\i\\\wNɜc\Ɣ\'\\7\"9bAKmȗ/7\\'Nri/@Wtz\GI\e\XB\\Mɐ\\'\\>#\0N\Z>\>r\\\Aı\ׇ\\\\Z\cDB-\\@\Y6\\{}Ŏ\<9-8\m\<=M0\\B\\+Jr|\X\\qD/Jߝ,\F4Oh(\3\\b\ZPv\rc	\\\nҡt\zO͆d\\\0.\'`B*\#\_\\©\@t\1F<m\/a,a\O[\Gf~}V\\tHpKzϼ\D[\lđ;t\:l˔\0S\\ZƽVtZ\B⻥Qq#>ܐԒw\0\_Z]ap%\\P6*\ˈ\_e\\6h\3ƞQ~mG-	/u_P:³rB\\n\}9^\;\0)*pC+\4dT\\"\\\/tR2\knktsOn\ƓV:D~KC\=הܶ\\\\\\\6\'_\\\c\nt|,%j>⁇`P8T:B9\\nq8\l\ni\\,0\\jk\z]=\vf\h\\\\\'\\"\r\"7E\wmJ?1)Q8\P%\\Yc+jE!`*fQJ\\*^,>yĞu\7J\O3\0\\\||V\\b37\Orȇ=2\ZS%\\W-9d0\\F?\'89\!\ڌD\E!,Я\j2\RXsC\=<fAkB{(DA3l\\\6P\ɡ\Za\\lMR\n\R}07Vti(-&kȚ\j\'\\0Ұػ|oD`^8пZ2^D.Z ;\Ռ:U\r\WG\"UDk\\\ZA%_^֚\n\]a9\)4t\\\Z Ӝ\W۱z[\dkG8\\\!wdW9yΟ\|\D%\0J^-%1\\4\(\0<\S{AY\(VȪۗ\ng=>\\O.H~2OXӷ_2\n R=n9\'~\Χ28\SPY\FZ8\TZ~t@SZZ*)=)44\\U-\s\\_Δ&u\\p\Z\ZSuT/rB\\&\Z8c\v\0]|5\\)^(5\\WU\\\\#TB\.\!*}L}BT덚_K0\Z}\Ηu\r\	\*}L\:^]|+PG\hR\"TEWc\o)S\Ia\]զ4-*|߉V\"	vi^+<\܎Be\I\\r\I\\;\\u1\rD\|-N6Y3,\a%\=W\ZɮhJ]}z\:E4m\m^W\\{rz\ZAH\&T\\\nwJjĒg\VH\]4\M_!:1KG:Y\USTjR\UM*\$*\\|fEV\XQj\V\aқQCq}՚_Su\P\WY\tI)V\UFx5-TO\K\\~\G|\UJHYM\v9\'_ա\%V\jSY&>\}Q;\L\a\<\JgoZ\\3hn\TV`>=\-\\\m7\*\\\Ԛ[63\v*l\rޚS\\w9[evbH&;K0\.O{\`@ƣnC\\Z	m_f[fH</͘z;\Mb\ #b2ʠ	\0YyQ\\IPFƓt7\e2h\R2it_\\=\N>:\5\r2\ce\\^vZ\ \1#MQVro\{Xq=8MElep]G\&dGϿ5\B\'XB+\"z	\e\vCj5Ҍ0N\R-4dK\Аe6CC\|\r\%h\y%\Z\M\'h|%)+T\\9)\`?˭7E\\n\"S\rY\RqaDE\Pp9=\\0jRu~~̛\\лƫ22}}1\%?Miy\nӿ]db\n|O^9\+\Ex!/\t\I\\v_\"} X(_\!\ 9]\5xC\\\"\9\/.\n\'9F՟\\\\CY\0\0','6.2.0-61023');
/*!40000 ALTER TABLE `__migrationhistory` ENABLE KEYS */;
UNLOCK TABLES;

--
-- Table structure for table `admin`
--

DROP TABLE IF EXISTS `admin`;
/*!40101 SET @saved_cs_client     = @@character_set_client */;
/*!50503 SET character_set_client = utf8mb4 */;
CREATE TABLE `admin` (
  `idAdmin` varchar(100) NOT NULL,
  `imeAdmin` varchar(100) NOT NULL,
  PRIMARY KEY (`idAdmin`),
  UNIQUE KEY `idAdmin_UNIQUE` (`idAdmin`),
  UNIQUE KEY `imeAdmin_UNIQUE` (`imeAdmin`)
) ENGINE=InnoDB DEFAULT CHARSET=utf8mb4 COLLATE=utf8mb4_0900_ai_ci;
/*!40101 SET character_set_client = @saved_cs_client */;

--
-- Dumping data for table `admin`
--

LOCK TABLES `admin` WRITE;
/*!40000 ALTER TABLE `admin` DISABLE KEYS */;
INSERT INTO `admin` VALUES ('82ec7604-4539-4449-89bd-0e4b25469688','Admin_Antonio'),('ab30cef3-bd7a-4511-ad08-4374c3c3321c','Admin_Filip'),('4d0ed167-07fd-4d80-8f97-3d971e86ee26','Admin_Ivan'),('0b640cc2-bf0e-471c-bafd-96956cefacb9','Admin_Jura'),('fcdeffb5-cc07-468d-bef0-315ceb0f083b','Admin_Lea'),('6353599d-7b9d-4a92-9f4b-c47edaa0232f','Admin_Manuela');
/*!40000 ALTER TABLE `admin` ENABLE KEYS */;
UNLOCK TABLES;

--
-- Table structure for table `aspnetroles`
--

DROP TABLE IF EXISTS `aspnetroles`;
/*!40101 SET @saved_cs_client     = @@character_set_client */;
/*!50503 SET character_set_client = utf8mb4 */;
CREATE TABLE `aspnetroles` (
  `Id` varchar(128) CHARACTER SET utf8 COLLATE utf8_general_ci NOT NULL,
  `Name` varchar(256) CHARACTER SET utf8 COLLATE utf8_general_ci NOT NULL,
  PRIMARY KEY (`Id`),
  UNIQUE KEY `RoleNameIndex` (`Name`)
) ENGINE=InnoDB DEFAULT CHARSET=utf8mb4 COLLATE=utf8mb4_0900_ai_ci;
/*!40101 SET character_set_client = @saved_cs_client */;

--
-- Dumping data for table `aspnetroles`
--

LOCK TABLES `aspnetroles` WRITE;
/*!40000 ALTER TABLE `aspnetroles` DISABLE KEYS */;
INSERT INTO `aspnetroles` VALUES ('f6006b42-146c-4e1c-b4a0-4b3b7425a78f','Admin'),('dabd0324-f17e-4975-ad9a-28751e7b9b11','Korisnik'),('f70f68b5-8f3b-42d3-b892-6628185bfa79','Poduzeće');
/*!40000 ALTER TABLE `aspnetroles` ENABLE KEYS */;
UNLOCK TABLES;

--
-- Table structure for table `aspnetuserclaims`
--

DROP TABLE IF EXISTS `aspnetuserclaims`;
/*!40101 SET @saved_cs_client     = @@character_set_client */;
/*!50503 SET character_set_client = utf8mb4 */;
CREATE TABLE `aspnetuserclaims` (
  `Id` int NOT NULL AUTO_INCREMENT,
  `UserId` varchar(128) CHARACTER SET utf8 COLLATE utf8_general_ci NOT NULL,
  `ClaimType` longtext,
  `ClaimValue` longtext,
  PRIMARY KEY (`Id`),
  KEY `IX_UserId` (`UserId`),
  CONSTRAINT `FK_AspNetUserClaims_AspNetUsers_UserId` FOREIGN KEY (`UserId`) REFERENCES `aspnetusers` (`Id`) ON DELETE CASCADE ON UPDATE CASCADE
) ENGINE=InnoDB DEFAULT CHARSET=utf8mb4 COLLATE=utf8mb4_0900_ai_ci;
/*!40101 SET character_set_client = @saved_cs_client */;

--
-- Dumping data for table `aspnetuserclaims`
--

LOCK TABLES `aspnetuserclaims` WRITE;
/*!40000 ALTER TABLE `aspnetuserclaims` DISABLE KEYS */;
/*!40000 ALTER TABLE `aspnetuserclaims` ENABLE KEYS */;
UNLOCK TABLES;

--
-- Table structure for table `aspnetuserlogins`
--

DROP TABLE IF EXISTS `aspnetuserlogins`;
/*!40101 SET @saved_cs_client     = @@character_set_client */;
/*!50503 SET character_set_client = utf8mb4 */;
CREATE TABLE `aspnetuserlogins` (
  `LoginProvider` varchar(128) CHARACTER SET utf8 COLLATE utf8_general_ci NOT NULL,
  `ProviderKey` varchar(128) CHARACTER SET utf8 COLLATE utf8_general_ci NOT NULL,
  `UserId` varchar(128) CHARACTER SET utf8 COLLATE utf8_general_ci NOT NULL,
  PRIMARY KEY (`LoginProvider`,`ProviderKey`,`UserId`),
  KEY `IX_UserId` (`UserId`),
  CONSTRAINT `FK_AspNetUserLogins_AspNetUsers_UserId` FOREIGN KEY (`UserId`) REFERENCES `aspnetusers` (`Id`) ON DELETE CASCADE ON UPDATE CASCADE
) ENGINE=InnoDB DEFAULT CHARSET=utf8mb4 COLLATE=utf8mb4_0900_ai_ci;
/*!40101 SET character_set_client = @saved_cs_client */;

--
-- Dumping data for table `aspnetuserlogins`
--

LOCK TABLES `aspnetuserlogins` WRITE;
/*!40000 ALTER TABLE `aspnetuserlogins` DISABLE KEYS */;
/*!40000 ALTER TABLE `aspnetuserlogins` ENABLE KEYS */;
UNLOCK TABLES;

--
-- Table structure for table `aspnetuserroles`
--

DROP TABLE IF EXISTS `aspnetuserroles`;
/*!40101 SET @saved_cs_client     = @@character_set_client */;
/*!50503 SET character_set_client = utf8mb4 */;
CREATE TABLE `aspnetuserroles` (
  `UserId` varchar(128) CHARACTER SET utf8 COLLATE utf8_general_ci NOT NULL,
  `RoleId` varchar(128) CHARACTER SET utf8 COLLATE utf8_general_ci NOT NULL,
  PRIMARY KEY (`UserId`,`RoleId`),
  KEY `IX_UserId` (`UserId`),
  KEY `IX_RoleId` (`RoleId`),
  CONSTRAINT `FK_AspNetUserRoles_AspNetRoles_RoleId` FOREIGN KEY (`RoleId`) REFERENCES `aspnetroles` (`Id`) ON DELETE CASCADE ON UPDATE CASCADE,
  CONSTRAINT `FK_AspNetUserRoles_AspNetUsers_UserId` FOREIGN KEY (`UserId`) REFERENCES `aspnetusers` (`Id`) ON DELETE CASCADE ON UPDATE CASCADE
) ENGINE=InnoDB DEFAULT CHARSET=utf8mb4 COLLATE=utf8mb4_0900_ai_ci;
/*!40101 SET character_set_client = @saved_cs_client */;

--
-- Dumping data for table `aspnetuserroles`
--

LOCK TABLES `aspnetuserroles` WRITE;
/*!40000 ALTER TABLE `aspnetuserroles` DISABLE KEYS */;
INSERT INTO `aspnetuserroles` VALUES ('01d2c00f-cdab-4957-902b-a20ceb277d98','f70f68b5-8f3b-42d3-b892-6628185bfa79'),('0249a914-d1d4-4169-8cd1-b8120fad9e85','f70f68b5-8f3b-42d3-b892-6628185bfa79'),('037143bd-c016-4aa0-a4dc-f01810bea85d','dabd0324-f17e-4975-ad9a-28751e7b9b11'),('040d53a8-2070-4acd-a621-9206561b2042','dabd0324-f17e-4975-ad9a-28751e7b9b11'),('054a932b-6f3f-4695-b11c-ce4159dc5d30','f70f68b5-8f3b-42d3-b892-6628185bfa79'),('08023533-5c08-4c60-b523-99aa57d81c2e','f70f68b5-8f3b-42d3-b892-6628185bfa79'),('0b640cc2-bf0e-471c-bafd-96956cefacb9','f6006b42-146c-4e1c-b4a0-4b3b7425a78f'),('0d9e32e6-4727-461a-9a07-d64f85463b9f','f70f68b5-8f3b-42d3-b892-6628185bfa79'),('0f991557-0ca8-4179-ab0a-d5a1e362ac00','f70f68b5-8f3b-42d3-b892-6628185bfa79'),('10b04904-c25a-4ca0-a4f1-b9ca0a85631c','f70f68b5-8f3b-42d3-b892-6628185bfa79'),('11c36b79-0035-4205-b4ec-962cc1bdb668','dabd0324-f17e-4975-ad9a-28751e7b9b11'),('17d60270-b2c4-4cae-878b-ec04bed6c6f3','f70f68b5-8f3b-42d3-b892-6628185bfa79'),('1cbf7730-897d-4435-a1e9-a32f99e3884c','f70f68b5-8f3b-42d3-b892-6628185bfa79'),('215e3a5b-5b6a-4d67-a4b7-676b01278ebb','f70f68b5-8f3b-42d3-b892-6628185bfa79'),('2165c6f4-c89f-4291-9508-3a3edb31f624','f70f68b5-8f3b-42d3-b892-6628185bfa79'),('21b8523c-eead-4a56-9533-0159c59d38a8','f70f68b5-8f3b-42d3-b892-6628185bfa79'),('221e6961-4df4-4b9b-b4f6-fdc998057e79','f70f68b5-8f3b-42d3-b892-6628185bfa79'),('2642139b-3296-486b-9673-a9f8cc31c194','f70f68b5-8f3b-42d3-b892-6628185bfa79'),('26bde30c-3d0c-4f53-86a2-6a9731becd0b','f70f68b5-8f3b-42d3-b892-6628185bfa79'),('29ae295c-8673-43df-a143-fe9164393fa8','f70f68b5-8f3b-42d3-b892-6628185bfa79'),('2c47a8ea-d797-42dc-bf76-712d9506eb07','f70f68b5-8f3b-42d3-b892-6628185bfa79'),('35227b28-4a4f-4484-b3c0-4947fdae9379','f70f68b5-8f3b-42d3-b892-6628185bfa79'),('35441232-8a39-4c6e-a753-130c81bf7395','f70f68b5-8f3b-42d3-b892-6628185bfa79'),('373b8740-2769-4676-88ac-0251e5258981','f70f68b5-8f3b-42d3-b892-6628185bfa79'),('4168ef39-479d-4931-855d-5e0ecb79282b','f70f68b5-8f3b-42d3-b892-6628185bfa79'),('4374b55f-525e-4226-990a-da80e8cea2b9','f70f68b5-8f3b-42d3-b892-6628185bfa79'),('44025e7f-9321-4c63-b31b-7eef516bc0cd','f70f68b5-8f3b-42d3-b892-6628185bfa79'),('4506298e-217c-4a9f-a88f-5d3eca85146b','f70f68b5-8f3b-42d3-b892-6628185bfa79'),('4b2f673c-a5d7-4c6c-bdd9-2f37b00b2afa','f70f68b5-8f3b-42d3-b892-6628185bfa79'),('4d0ed167-07fd-4d80-8f97-3d971e86ee26','f6006b42-146c-4e1c-b4a0-4b3b7425a78f'),('4d637451-47f1-4277-9112-116331c0fd6a','f70f68b5-8f3b-42d3-b892-6628185bfa79'),('4fb2c056-673a-4547-b650-74d98ebab94c','f70f68b5-8f3b-42d3-b892-6628185bfa79'),('528189bc-4bd7-4432-bfef-e9dc0091da4a','f70f68b5-8f3b-42d3-b892-6628185bfa79'),('569faea5-254b-4299-9621-175209ecf61d','f70f68b5-8f3b-42d3-b892-6628185bfa79'),('58d9ece4-13a0-4b8b-8e86-da22079a8804','f70f68b5-8f3b-42d3-b892-6628185bfa79'),('59e999ed-418e-4061-a7a2-e4ca2c85c996','f70f68b5-8f3b-42d3-b892-6628185bfa79'),('5c7fd557-1a70-417d-830a-fcbf22257900','f70f68b5-8f3b-42d3-b892-6628185bfa79'),('6008f824-4d59-49f7-8214-2dbd9d092c6e','f70f68b5-8f3b-42d3-b892-6628185bfa79'),('6021e3ad-e0ff-4eb7-bba2-85de28cf25be','f70f68b5-8f3b-42d3-b892-6628185bfa79'),('621e1e80-2f35-4dcf-b72f-dbe0147f31f9','f70f68b5-8f3b-42d3-b892-6628185bfa79'),('6353599d-7b9d-4a92-9f4b-c47edaa0232f','f6006b42-146c-4e1c-b4a0-4b3b7425a78f'),('65fe77c0-039e-4e43-8c46-4b040f31d8ed','f70f68b5-8f3b-42d3-b892-6628185bfa79'),('6a00cbf6-1ed5-4f18-ae2e-df3e63de02b3','f70f68b5-8f3b-42d3-b892-6628185bfa79'),('6f7640c1-1a26-4e0f-b17b-559583066085','f70f68b5-8f3b-42d3-b892-6628185bfa79'),('702f9410-6842-4f49-a184-5a2594ba74cb','f70f68b5-8f3b-42d3-b892-6628185bfa79'),('720327c6-01ce-4d27-9b08-fc43d8c7b828','f70f68b5-8f3b-42d3-b892-6628185bfa79'),('731d17af-6c6d-46a4-baac-51ec3e15a0bd','f70f68b5-8f3b-42d3-b892-6628185bfa79'),('737c0f78-b07e-4e7b-ac0a-58b0f0bb70c1','f70f68b5-8f3b-42d3-b892-6628185bfa79'),('738b75e5-9102-48cf-9089-06dd1186da67','f70f68b5-8f3b-42d3-b892-6628185bfa79'),('79aede60-8b20-4d3e-abaa-c1f5e0ae92d4','f70f68b5-8f3b-42d3-b892-6628185bfa79'),('80803d5d-21f1-4aea-a785-29ea4b9edb3a','f70f68b5-8f3b-42d3-b892-6628185bfa79'),('82ec7604-4539-4449-89bd-0e4b25469688','f6006b42-146c-4e1c-b4a0-4b3b7425a78f'),('87f8159e-05d2-4076-979b-0d019b1b5a90','f70f68b5-8f3b-42d3-b892-6628185bfa79'),('8c8ac86f-ace1-4c6a-9871-768168ab6eef','f70f68b5-8f3b-42d3-b892-6628185bfa79'),('8e76f8f1-2b78-4f11-ba09-3566a27fc26e','f70f68b5-8f3b-42d3-b892-6628185bfa79'),('96d1182b-2979-46eb-8171-561d7d4f1022','dabd0324-f17e-4975-ad9a-28751e7b9b11'),('9b007fec-dd07-41a6-a3e6-6c09331c392c','f70f68b5-8f3b-42d3-b892-6628185bfa79'),('9c590ce8-4450-4be5-86fc-59897e27f57d','f70f68b5-8f3b-42d3-b892-6628185bfa79'),('9c9ba6f2-7897-4e32-a75d-13db83aebe92','f70f68b5-8f3b-42d3-b892-6628185bfa79'),('9d17bdd3-fbca-488c-b0ed-4501940bf80b','f70f68b5-8f3b-42d3-b892-6628185bfa79'),('9ee2190a-8a6e-45dd-ae2d-8dedfbdfcdd3','f70f68b5-8f3b-42d3-b892-6628185bfa79'),('a4d7bc89-9ba1-43bb-8861-e11369a38d99','f70f68b5-8f3b-42d3-b892-6628185bfa79'),('a5b89c3c-cdd2-42f9-a5da-34e60b8d4e33','dabd0324-f17e-4975-ad9a-28751e7b9b11'),('a6a383ae-cc1d-4b15-95da-620143e0da8c','f70f68b5-8f3b-42d3-b892-6628185bfa79'),('aa15495a-322a-4b69-8d5d-d35244ffc1ab','f70f68b5-8f3b-42d3-b892-6628185bfa79'),('ab30cef3-bd7a-4511-ad08-4374c3c3321c','f6006b42-146c-4e1c-b4a0-4b3b7425a78f'),('ac3903b3-98b9-4723-bee7-96beb5b7c9eb','dabd0324-f17e-4975-ad9a-28751e7b9b11'),('b11fdb02-41df-4fc3-b5cc-229c94fc82a6','f70f68b5-8f3b-42d3-b892-6628185bfa79'),('b3632046-5fea-423e-bcfd-2539c2071443','f70f68b5-8f3b-42d3-b892-6628185bfa79'),('b4265b84-063b-47c8-861b-653652bc107b','f70f68b5-8f3b-42d3-b892-6628185bfa79'),('b811693c-af9c-4fd7-a247-eb828226e2ce','f70f68b5-8f3b-42d3-b892-6628185bfa79'),('b97164fb-73b6-49c1-a87a-50a6fd05f833','f70f68b5-8f3b-42d3-b892-6628185bfa79'),('ba35cedb-8ec4-4930-901d-0889cb422eb0','f70f68b5-8f3b-42d3-b892-6628185bfa79'),('bfc59218-f308-488d-9ad4-9e6c366b9e05','f70f68b5-8f3b-42d3-b892-6628185bfa79'),('c4719d0e-5d4e-4a98-8957-90195d05c8a7','f70f68b5-8f3b-42d3-b892-6628185bfa79'),('c4d2858e-49b0-4ac2-8add-b356f88dbb5e','f70f68b5-8f3b-42d3-b892-6628185bfa79'),('c75650f1-f1e7-432d-82fd-7fbad62b1527','f70f68b5-8f3b-42d3-b892-6628185bfa79'),('ca9f947c-1dc9-45a0-a9de-914d74ec4acf','f70f68b5-8f3b-42d3-b892-6628185bfa79'),('cd6fb3d7-6e2f-475b-a9dc-d257a46a0658','f6006b42-146c-4e1c-b4a0-4b3b7425a78f'),('ced465b8-4320-4be6-b5f4-7e28bb6ba81b','f70f68b5-8f3b-42d3-b892-6628185bfa79'),('d2720eb9-1857-4741-9f36-a46b9742e8c8','f70f68b5-8f3b-42d3-b892-6628185bfa79'),('d35ec621-2034-4731-8b29-bd21f4bff0d2','f70f68b5-8f3b-42d3-b892-6628185bfa79'),('d67cd170-efdc-4548-b19c-abf6134d558f','dabd0324-f17e-4975-ad9a-28751e7b9b11'),('d9587a30-abe7-4a0d-a26c-c664f270790a','f70f68b5-8f3b-42d3-b892-6628185bfa79'),('d9b4a006-aeab-4596-8696-2cefad8a4c5f','f70f68b5-8f3b-42d3-b892-6628185bfa79'),('db34a801-faf5-4de0-8995-aa2cab91c88b','dabd0324-f17e-4975-ad9a-28751e7b9b11'),('dc89ac35-3740-4e4d-8734-dab4544e07d4','f70f68b5-8f3b-42d3-b892-6628185bfa79'),('df721bfe-04cd-4cf7-8be1-e9b5303183ee','f70f68b5-8f3b-42d3-b892-6628185bfa79'),('e748b831-5310-4ddd-9356-092a21c36f01','dabd0324-f17e-4975-ad9a-28751e7b9b11'),('e94c0f1a-01ed-42ec-b61a-4cc7861594cc','f70f68b5-8f3b-42d3-b892-6628185bfa79'),('e9f429b7-5a85-4960-aa3d-bc86a71d2ed5','f70f68b5-8f3b-42d3-b892-6628185bfa79'),('ead70e5c-5814-4f46-9395-6fee3affc7ec','f70f68b5-8f3b-42d3-b892-6628185bfa79'),('eef88198-f075-4a2a-8862-db7a1ba14f44','dabd0324-f17e-4975-ad9a-28751e7b9b11'),('ef9c71ec-88f2-401f-a9bb-f3942bf737fb','f70f68b5-8f3b-42d3-b892-6628185bfa79'),('f071020e-61d4-4beb-a103-885f73e714ec','f70f68b5-8f3b-42d3-b892-6628185bfa79'),('f1433f84-c12a-48d7-80c9-0741dbb61761','f70f68b5-8f3b-42d3-b892-6628185bfa79'),('f1880e52-0fc3-4c16-a8da-fb56b216a8d5','f70f68b5-8f3b-42d3-b892-6628185bfa79'),('f5a30727-4cee-426e-8cf7-6565eb584517','f70f68b5-8f3b-42d3-b892-6628185bfa79'),('f605f213-2d77-4fa3-8a47-9438c14526cc','f70f68b5-8f3b-42d3-b892-6628185bfa79'),('f6a27743-88a9-4100-96af-9acd0e1eb0ce','f70f68b5-8f3b-42d3-b892-6628185bfa79'),('f730abce-fea1-4735-90bc-ec4399155d79','f70f68b5-8f3b-42d3-b892-6628185bfa79'),('fcdeffb5-cc07-468d-bef0-315ceb0f083b','f6006b42-146c-4e1c-b4a0-4b3b7425a78f');
/*!40000 ALTER TABLE `aspnetuserroles` ENABLE KEYS */;
UNLOCK TABLES;

--
-- Table structure for table `aspnetusers`
--

DROP TABLE IF EXISTS `aspnetusers`;
/*!40101 SET @saved_cs_client     = @@character_set_client */;
/*!50503 SET character_set_client = utf8mb4 */;
CREATE TABLE `aspnetusers` (
  `Id` varchar(128) CHARACTER SET utf8 COLLATE utf8_general_ci NOT NULL,
  `Email` varchar(256) CHARACTER SET utf8 COLLATE utf8_general_ci DEFAULT NULL,
  `EmailConfirmed` tinyint(1) NOT NULL,
  `PasswordHash` longtext,
  `SecurityStamp` longtext,
  `PhoneNumber` longtext,
  `PhoneNumberConfirmed` tinyint(1) NOT NULL,
  `TwoFactorEnabled` tinyint(1) NOT NULL,
  `LockoutEndDateUtc` datetime DEFAULT NULL,
  `LockoutEnabled` tinyint(1) NOT NULL,
  `AccessFailedCount` int NOT NULL,
  `UserName` varchar(256) CHARACTER SET utf8 COLLATE utf8_general_ci NOT NULL,
  PRIMARY KEY (`Id`),
  UNIQUE KEY `UserNameIndex` (`UserName`)
) ENGINE=InnoDB DEFAULT CHARSET=utf8mb4 COLLATE=utf8mb4_0900_ai_ci;
/*!40101 SET character_set_client = @saved_cs_client */;

--
-- Dumping data for table `aspnetusers`
--

LOCK TABLES `aspnetusers` WRITE;
/*!40000 ALTER TABLE `aspnetusers` DISABLE KEYS */;
INSERT INTO `aspnetusers` VALUES ('01d2c00f-cdab-4957-902b-a20ceb277d98','ANgdYf2V3Zxt0srLHhys1Rcul8uxRf1xNIZgZ3qoGIVSaB/jxnZ8Ee3WoXWlByz3fQ==@mail.com',0,'AGQe9RCX45+SslLyKaKSpqrlW9g99sPQI0wQpGNfAYaGJLxr+aXBHmdltte/mU9cYQ==','b3840ed3-6783-4573-994b-43df2b84a152',NULL,0,0,NULL,1,0,'Atletski_klub_Dubrovnik'),('0249a914-d1d4-4169-8cd1-b8120fad9e85','AFH7fi3fsLdS+Rk11elYa0LO6waFJVJrBHo11iA6uNHv0iAYXZlSjtJ9D+cQTYvTgw==@mail.com',0,'AFhoxpM05gNEg8c6OGjgobGHr9mca/1lyYGdwShAGxYKE62JxLgsHIVSxDjf6nNGgA==','98bef2b2-8101-4d99-826a-0897fc12e06f',NULL,0,0,NULL,1,0,'Teniski_klub_Požega'),('037143bd-c016-4aa0-a4dc-f01810bea85d','lucija.lucinić@hotmail.com',0,'AI5K0U5c6B9UKwlY4xSh0+ohsxJxdcl029JeDBqFq0lfnk2Jm92zsxDswTWYXiM6Nw==','c703f31d-33c6-4b07-b796-ca53544566cb',NULL,0,0,NULL,1,0,'lucijaSmile'),('040d53a8-2070-4acd-a621-9206561b2042','ivana.ivanić@gmail.com',0,'APaJr+OmY7ZTw9b0Z/JcORuusJ3YpsSw9ll883NK36gMK8K2v2KGYlu/Qf1AU2oL4A==','357ad4b8-b5e3-4446-8eaf-f9f87c6fdcdd',NULL,0,0,NULL,1,0,'ivana17'),('054a932b-6f3f-4695-b11c-ce4159dc5d30','AGpWpRKBHSqYLe7wKSOGZUnMbE/8U+ioKp108hqJosmjUHMftDK5trnATVRcOjLOKw==@mail.com',0,'APyjRE6/uzpr6LZ6qaeFzW0cSUFUuc0lGmJWQW3aRmNS1m7jFADzKKQAq4xVGz8AEQ==','11640cda-1d59-443a-953f-c2953ab4d788',NULL,0,0,NULL,1,0,'5_Star_Fitness_centar_Varaždin'),('08023533-5c08-4c60-b523-99aa57d81c2e','AN95o40Y11ojCk4gFXjH/LxPEyXCS/g2r/+DdQIwUEGGM1OYFyiKTF2U1WRKzzkk9Q==@mail.com',0,'AJ46kwAa773jQ4AFt3WxCCz+5nJl9vKFuGm0hXeJgDcwgENneRbdwOXDXFAdR/K4Cg==','2a3c4043-b226-48c7-8dc1-04470ff0f044',NULL,0,0,NULL,1,0,'IMPULS-Fitness_i_Fizio_centar_Ludbreg'),('0b640cc2-bf0e-471c-bafd-96956cefacb9','a84691a2-1679-49a1-a986-7f31f03676c6@mail.com',0,'AC2W/96JkH6l0K1xxwPXqz8sRDc0PfZ4IUxHHZ3PNESUlxJAL9k/N2mAATu5QUjFxg==','a33bf86b-cae3-437c-9b89-2310a450365e',NULL,0,0,NULL,1,0,'Admin_Jura'),('0d9e32e6-4727-461a-9a07-d64f85463b9f','AM/8bbJ2BaUc8p4/AvqHd2BQnDoNDGd/BbuOD5I9VKP8FMj3xzJ/XxcJq2nRRlazuw==@mail.com',0,'AFWBrrR7PF3hBnwdPUvPZeevKEZdbG/eLNVjz0x9mxnuh1MIXH7RGjmgkQrrmdKxbQ==','75686d43-633d-407a-9f77-14bd2b503a14',NULL,0,0,NULL,1,0,'HNK_Rijeka-Stadion_Rujevica'),('0f991557-0ca8-4179-ab0a-d5a1e362ac00','AHq9+9jtRVG/dNvEPmdYU4pJQDi0+gW7bGays20s0+pGrB5RqYrkXHmqIGpI+tYKyQ==@mail.com',0,'AEvkuD6diIILubdT1hGKZvBWF+IxSHQq5MwyrKbiNbXhiEpoHARPZH49zWQx1uKRQA==','3e91cf3b-f603-40e1-a30a-056fa0856494',NULL,0,0,NULL,1,0,'Fight_klub_Kovačić_Varaždin'),('10b04904-c25a-4ca0-a4f1-b9ca0a85631c','AE73Qjz//b+DQ8vPZdPPZ1Orb4+vOvHeUYFz48V3N04ON33JQGNmfWLKBN92JoSGGA==@mail.com',0,'AA10RLN9PDMHrsBCjm86aTce7kXK+fh2PzbbQm1FDMug36iZ0v8CQWS4dGjyjtHxGg==','7c1dcdd5-f8d6-4199-a02e-3344a84b4b92',NULL,0,0,NULL,1,0,'NK_Međimurje-Stadion_SRC_Mladost'),('11c36b79-0035-4205-b4ec-962cc1bdb668','lucyLiu@hotmail.com',0,'APV1xtflRbr3QgICXPkvZ5C23MXXMjbdUQ2lKgvXJhA9PrvVTJM58e7qdLjutSkXhg==','adbb7fde-7a01-4ccf-a805-496a919565cd',NULL,0,0,NULL,1,0,'lucyLiu25'),('17d60270-b2c4-4cae-878b-ec04bed6c6f3','AA81cIckiVK7/AxajCw7zZ8a6Q5wg8314xGW6nSRNY1Er1a+HjBHX3v18vLLqo2b+A==@mail.com',0,'ALS+gQ58QfEFruHEmc72xRZ0f/LfRCJRRVWDopVdwNwbcaQ4gTu0Lq8hr4xROmL8Rw==','6e3ab5a1-d3f8-4970-a3a7-fbd7b95b7e82',NULL,0,0,NULL,1,0,'Gradski_bazeni_Osijek'),('1cbf7730-897d-4435-a1e9-a32f99e3884c','AORNaqUeMH4IZ/K8yKbcKQSmt+ISoENK3E2P2pRg3TJ/E8HMoqsjn02HuDRkLutV2w==@mail.com',0,'AKu1WYSHg9Brj4hNG0aTM3K1LstKPmpUYUyJT59nojXeJtf4dBfiOx5BCMD0aUY9og==','a50ed564-9900-408e-95af-649f9f5e9c4a',NULL,0,0,NULL,1,0,'Fitness_centar_Blue_Gym_Belveder_Rijeka'),('215e3a5b-5b6a-4d67-a4b7-676b01278ebb','ANm9ZVx6OzTXQE80ayMdiyOpZaTuGBOOeoylOC2mshB+eulDicn6lfB+NWU//kxfvQ==@mail.com',0,'AOPEG//atihTM0FOw8K6mE8RgYYGvmQ0erGoFs0z6gYxDidbaMw6SJNqz12Wj31f7Q==','1266e71d-c7e0-4f26-85e3-314a5ddfbb6b',NULL,0,0,NULL,1,0,'NK_Inter-Zaprešič-Igralište_ŠRC_Zaprešić'),('2165c6f4-c89f-4291-9508-3a3edb31f624','AFTpm384BefWD5RWFXipFRxgpQq0iTBnU+VcTTbV+MWi6eOfBkmpsiMvzLniVr27zg==@mail.com',0,'ADaXoG3smz7gXbg5YBF014UwK3FXfMxlPh+PoqyleHGuBagZsiS1k7FZF7Lk4llaBw==','778be125-ffdc-46b9-9eab-9ca49d16f767',NULL,0,0,NULL,1,0,'NK_Osijek-Stadion_Grdaski_vrt'),('21b8523c-eead-4a56-9533-0159c59d38a8','AOThPhOmWNazLpZAa3geJmvexplqLLBpxQvCjy+A+Ghg+zIyfuKqYmxrrIvO5FubQg==@mail.com',0,'AErpAtIo1+0I2yM7jIznZMykT1SNDQNT/edGYdJKEW3Grz64fIkGe9XmuxzFVpHRvw==','be888f6a-ce7a-4a1b-87de-ae1f665ee2f4',NULL,0,0,NULL,1,0,'Karate_Klub_Globus_Čakovec'),('221e6961-4df4-4b9b-b4f6-fdc998057e79','AAgphkhzVgYyE7vDyQVhyCXDu4LsXenL25SrUmBosXVyagafYs9VIrMF8rO8oARS4A==@mail.com',0,'AB6pml1NtTsFhdHt27bYvebSlo4AwVbTOdqLGtCszf7tUwCjI1qLtXE1IdxUSUaarw==','af92ed0f-7072-45a9-8cdd-21a76dafdf89',NULL,0,0,NULL,1,0,'Fitness_klub_„Gibi_Gib“_Varaždin'),('2642139b-3296-486b-9673-a9f8cc31c194','AAGSODnVUh27qkGp/csvtgakNRWNCvGKRaQ9dktPRWLXI3CJr031vF2OqjjX8MWTfw==@mail.com',0,'AALOUmG7Wr5jtGHORKdv0ugel3Ue54oLHLMnDb7VmQ/uuTL+Qs+q9+ZBN2BJG8noDQ==','9cf85626-2ade-4acb-a886-06453a3b0ad7',NULL,0,0,NULL,1,0,'Atletski_klub_AK_Slavonija-Žito_Osijek'),('26bde30c-3d0c-4f53-86a2-6a9731becd0b','AOyOKuQ5GUbeY+McendubL4MhFoi/yipSiRqA+ljin6PkXg7V7SBDdqMXyouZ2cM1g==@mail.com',0,'AHgsplV7RUisC4BW+J9s8Mj93FVHwEv1YUcz+r7OKF5qBSPL3wmb/0JJ/INzBG3oAA==','3a3a9424-7a08-4083-9804-5167a83b0f68',NULL,0,0,NULL,1,0,'Teniski_klub_Šibenik'),('29ae295c-8673-43df-a143-fe9164393fa8','ADJGFdnV6BY0DC+0diiVRwYaWEL17qYsjCqdabJLeB/EOWEoBz668Av/1Cc+NWg5Cw==@mail.com',0,'AD7oVl+f8+nuZwnTPYTNRjoUFhBLQwj3yrabgUptx1rnfZM0Yhme5lncAwHTGSc6zg==','9e45445c-b926-47eb-b299-578534b92923',NULL,0,0,NULL,1,0,'HNK_Hajduk_Split-Standion_Poljud'),('2c47a8ea-d797-42dc-bf76-712d9506eb07','AJhCloocQo+1AEMCP6hTv3h733Er6czg0PflnhwzJ0oJed+WvM6E3bHPjAfguVjnCg==@mail.com',0,'ADxVNJHUk6Fp1yWsouWIE2W+uxTRBky6s9VmzYcMlF7OEUZUVe1p9GJtuv7gEYkmKg==','089ea4a3-2d3e-4e75-aa5a-6523cc1c84e6',NULL,0,0,NULL,1,0,'HNK_Gorica-Stadion_Radnik'),('35227b28-4a4f-4484-b3c0-4947fdae9379','AGa8rykRc5VrwwOoRZozHQBHfONlMGYPmujajRyqWAitDgKrb2ccsIRvxg2iqFbdzw==@mail.com',0,'AOtjwWiPQuLPU7dKebfwuK+jy3kx7c2+lRW+n7ZqUnBjRgxodi/fNFjsg1diHRq7oA==','8aa5d0d5-d20b-4132-804e-2105d5aed898',NULL,0,0,NULL,1,0,'Košarkaški_klub_„Vindija“_Varaždin'),('35441232-8a39-4c6e-a753-130c81bf7395','ADe0uW4y94gNwdDQPwkX0wR/ZsSfSSF0VdD4JhAPeGf2x+TuX0Xz71s4kqkLvkFOGQ==@mail.com',0,'AKmEhNalr1glDZcH3ltdEiwmp0bYDc3e9XzeFR9WJ6rg57XQ3GxGhOp5EoPmydMszg==','ef36bcc2-5fb6-4159-8899-03bbf20fb500',NULL,0,0,NULL,1,0,'Kompleks_bazeni_Kantrida'),('373b8740-2769-4676-88ac-0251e5258981','AD96/rPSxGBL6avWlO+LBVV9ceafcIqqt1wQ7CPi5wZOYsasYhw+Fr0iRYSkiv280Q==@mail.com',0,'AOAZyTG9onw5xStpS9k4x/+8sOPhcRM4yPeHF8W0+w7qweDM+qfcN7GuxWMWQS6a8A==','b2f412f0-b27e-4d0f-b249-1db2f8e7a0eb',NULL,0,0,NULL,1,0,'Teniski_klub_Metković'),('4168ef39-479d-4931-855d-5e0ecb79282b','AEXtZR2nV7lc4XhALSzTVOKqF6L1fcfQ7b10m6qXGnRjjrkhX7fRlFnKf2RdOcPSYg==@mail.com',0,'AHpbPXTleJWn0JuPgZ+SbAQ7Zesg4hmHQeW+IWdVak/i1cADo6jEu5YeDevkMcNbBA==','67ce6205-e975-48c1-9e45-66c5484cb7d9',NULL,0,0,NULL,1,0,'Teretana_Spartan_Gym_Split'),('4374b55f-525e-4226-990a-da80e8cea2b9','ALOa+QIRNAmdNt/h31pv36zJIK8sSDn/XB2Am/dk1pW0OFMnLl+ebUuF8fkr8s79yQ==@mail.com',0,'AOcIRi3UJc/suRptOPdOItGHKyeZT6U8SsaHl9tO63h43DsRdNAfFasfCzohVz5YJQ==','905e332a-3a2e-4eac-a27a-aa66e870f328',NULL,0,0,NULL,1,0,'Građanski_košarkaški_klub_Šibenik'),('44025e7f-9321-4c63-b31b-7eef516bc0cd','AJyaMqCB7aH9IrzzUj4xw3zwZkl0KmAuJfExQZDMW4rIAtXbDEopwsnF5A46I3pKyw==@mail.com',0,'AMltjMpiAIUpW67pKLzIXpakbngp1+Diw2x1TqBdKkIhEh+o7/W/oDGMqDqIv3TFKw==','0d1eb49c-d86f-476a-8e00-47dd629a9175',NULL,0,0,NULL,1,0,'NK_Slaven_Belupo-Stadion_Ivan_Kušek_Apaš'),('4506298e-217c-4a9f-a88f-5d3eca85146b','AD3kJSCVaSIBGfUXoLKofwqQA2QtoicbqkB95G0z+SDoJc1P2e9hNHCwR07bbgEnUg==@mail.com',0,'AH4cyj1x2bWTiWawh4cb6NrvtF+8c9HD6DzacrI2xaqpmwkdGvTdg2u0rR/dZyBX8A==','b1e6824b-d104-4d2b-b9c3-31b86d456086',NULL,0,0,NULL,1,0,'Bazeni_Poljud'),('4b2f673c-a5d7-4c6c-bdd9-2f37b00b2afa','AAX6ZEyVIK0nF3vSpA5OSoprLFM3wwOaLlzamyCuRtuVcudvxSHqfoma/PM8D86Dhw==@mail.com',0,'AE6UZ5ZmvW34hvNbt7mWj+xc+I/EVi5T+dultAPN/E74N0g77diY0Wob179V35l2/Q==','45c83d9b-684a-4366-949c-fb01fa19e00d',NULL,0,0,NULL,1,0,'Teniski_klub_Ludbreg'),('4d0ed167-07fd-4d80-8f97-3d971e86ee26','ae2eed76-bc42-4aac-88f5-799d5124ad72@mail.com',0,'AMVuzVrsI1fkKOojSMD0l3xzEItInu5LHj/HhHLICk3AXb3I//VWpScwtIr8o5ySYA==','db57a452-6d68-46eb-b553-6c9d6aff9516',NULL,0,0,NULL,1,0,'Admin_Ivan'),('4d637451-47f1-4277-9112-116331c0fd6a','ABg3ItgC9oyraO94yGl/EbAo19CRTe9f7XUWcPjhJl0ohfRGlH2dqFgyCV61WMYfDg==@mail.com',0,'AFIYTFWI2XF5r1pV9wNGN9dsI6YIq7u24o1/TNA/SjSrv4/qR9P6FFy1fSyV0P+0Ag==','2027c5e3-9be3-4456-b8a0-f05cefe69c82',NULL,0,0,NULL,1,0,'Gradski_bazeni_Šibenik'),('4fb2c056-673a-4547-b650-74d98ebab94c','ANhWHgweMcwle7jhJfzIyTo7dVVL54GkWwmVOWE1XN+ZxfddYM0Uol3kcPvDOw9Urg==@mail.com',0,'AOMScr2NERw9nbuPkEbfWBhgmscyGtbICNnTA6AeSxlm6/EdYtYDO5cVRt78iHPBDA==','48f06b2e-989d-4378-8f4e-7016b6814112',NULL,0,0,NULL,1,0,'Teniski_klub_Split'),('528189bc-4bd7-4432-bfef-e9dc0091da4a','ALhqZfP2HCjSW8kqHImg5Bayu74TIooRYHJeYGjheMHfBaRSQBtwS59wZc43FAp54w==@mail.com',0,'ADkoZgczKVeEvbUD/ovryWzL9GBRLONRtxwHPaXo+iYuKYk0n4vmMn8ZmSzNGkzFkw==','41838ae1-0076-4757-a6cd-c32401592259',NULL,0,0,NULL,1,0,'HNK_Šibenik-Stadion_Šubićevac'),('569faea5-254b-4299-9621-175209ecf61d','AILqIMqBrjsVOc56im+dJybZI48addn8jd69j7W2eP2oRh1JaB3Lw01bbeQ3uhrsZg==@mail.com',0,'AChwxp7UOjYkQpcmQTfwZ2/ZZyAnmXyG1/xkLaQZAy+AfLXoxWGSK9c/BBEfQiTRoA==','82f265c4-00a8-44dd-8de7-76ae04078360',NULL,0,0,NULL,1,0,'Teniski_klub_Dubrovnik'),('58d9ece4-13a0-4b8b-8e86-da22079a8804','ANzQCdFP1ju9zebVkMrI0dvJhavn+4m9vaOAQItlOMeOfxeAceJLzbPQGz39bc9aUw==@mail.com',0,'ADoPgxx/h7N0w4O61bP8s5SFE6uFEtr622cN1kBIp7CHP8ittP2tYKuzgWXZSPm+IA==','dbb64b40-22ba-45e0-9a55-578024bf1850',NULL,0,0,NULL,1,0,'test'),('59e999ed-418e-4061-a7a2-e4ca2c85c996','AFJwwIs8Z7yd8D+/vNu4ebrluW+PX8EWxBOkXr86nfqVwQNW2sefIQazhJM/qwgRyQ==@mail.com',0,'AG3ctFrj2VGBzRtDwVfNK0k9GqALNIHibASCK3uWT6i3L7J+M9YJQXF7qOxPdBsFFQ==','f7968c28-60d8-42a8-961d-ee7796d08573',NULL,0,0,NULL,1,0,'Taekwondo_klub_Tigar_Zagreb'),('5c7fd557-1a70-417d-830a-fcbf22257900','AF4Xa/w7synr5Yxqlm6ynb/AoG9RkmxOcZe5Nngf0sJ3X/DGexgHptgjHm/r7ATSSg==@mail.com',0,'AFkIOn/JhHv+p/ZBZMsNb1KDMYJbXAOQ78DAfpDAMXebg3Qssb41rVuOShJVpxlafA==','d2d80368-4f0c-4602-aaec-461bc430079c',NULL,0,0,NULL,1,0,'Gradski_bazeni_Makarska'),('6008f824-4d59-49f7-8214-2dbd9d092c6e','AFqMgRxOm0lOxyuPMHOH/q6YkR2hyC1mQzpOKw0fagklVxXuUB/naIqVLGERgR9kLw==@mail.com',0,'ALnNt3scRXtZgMDceOhyINFpy0c7Gke8DC/xuQeVeUo0BR7CsjnrxpXJhcF+xTi1cQ==','3a4b3889-f41d-4064-921f-4eb1fe30e0c7',NULL,0,0,NULL,1,0,'Fitness_centar_Kinezis_Varaždin'),('6021e3ad-e0ff-4eb7-bba2-85de28cf25be','ACdaUN8eiad6S9c1IBWWjc34W99eVr8ddGxUlhVqEBsQfYJisG6BpYZFrJwLIryKUA==@mail.com',0,'AAcm2vFca4b840MhbCCIhUdf7N88K4cpIUnt0xSarP7x+s33JEt3DOdNfUovj2cnvA==','2ae7da7b-3e7f-48bc-bcac-649cec4d3aae',NULL,0,0,NULL,1,0,'Teniski_klub_Makarska'),('621e1e80-2f35-4dcf-b72f-dbe0147f31f9','AJi8/8rkIRWYk8b70QB04hidttNSHGbrF9cJUj2wn876izXEaGC8iVVJQDq0x+p5mQ==@mail.com',0,'AClQrKGG3VfTUEokXlbT3ieuwRTss5+D/T6FlR4ulHVIV1OYDIazW0lM0xwGOIGHXg==','af8ee9ca-55e3-4aa6-bfc3-c28630621d15',NULL,0,0,NULL,1,0,'Aquila_Fitness_Centar_Čakovec'),('6353599d-7b9d-4a92-9f4b-c47edaa0232f','764f4279-6519-4b67-a00e-ff8170c9fade@mail.com',0,'AAvDTaduei8DT9Eh0NQNWKHmGmhGOYdoZ8z8SEwi39sq1VR/3UAunL99lXpDWrWvLg==','8199cc67-8715-4686-b101-dbcdebf7f9d0',NULL,0,0,NULL,1,0,'Admin_Manuela'),('65fe77c0-039e-4e43-8c46-4b040f31d8ed','AM4rWjTInB3Nyk3qMNtH6pO1tzYMDOEs5qwP+nwMPRHBt8ozRyYSsrLsbI+HN+NHxA==@mail.com',0,'AD2oKIX6c6xhhTVDGJpe8zkOmghRyZnIKWWPoh4kDo7QASq7lAiMUfGnrfIa5e/Ynw==','0f3d2d51-ddaa-4baf-a4f9-bcc417e95e0c',NULL,0,0,NULL,1,0,'Bazeni_Zaprešić-ŠRC_Zaprešić'),('6a00cbf6-1ed5-4f18-ae2e-df3e63de02b3','AG8vLXUanIqWdyA/hnVd29QtVv4rucve8lU0Tdeyq2LNIAGbBo1zYFo1O2JHj9T29g==@mail.com',0,'AJlH2KlJqQmk9jM/SGan/GpEztOBIPtCqK1fNlyQldGPKhuRccyIgOgF0b1HpS2oPg==','f3c23de6-9139-4dec-97e8-2e4ceab07cd1',NULL,0,0,NULL,1,0,'Teniski_klub_Đakovo'),('6f7640c1-1a26-4e0f-b17b-559583066085','AC0YWwDTk9hpQBpbWOZ771Z131N/g6gHyQ/oUS98wIfHttQ4SzIx/i/1fdz1Tb4W6w==@mail.com',0,'AJmMerBsxDNcs9puDm0W5S3sLFz1nKeLjYYKoUiCcXD++KMV+wAUi1z0hpESwf5M7g==','77bae2e2-f184-48cf-97da-b7bf88b0c0ae',NULL,0,0,NULL,1,0,'Košarkaški_klub_„Grafičar“_Ludbreg'),('702f9410-6842-4f49-a184-5a2594ba74cb','AESTIGAvCeRZctYrzcrqU/kmT71iZEMegCyej42AZap5ECd7+yOmNIC8zxWZ7rpmOw==@mail.com',0,'AAdoECPab+NsXfWtLAF+Q1K0sTPtUZBHHqYcIvRkAODTnTU4oAikrqtYWNFlLtNqYA==','db9315bb-8677-496b-9af5-48ca6e6a1fe9',NULL,0,0,NULL,1,0,'Fitness_centar_„Body_art“_Koprivnica'),('720327c6-01ce-4d27-9b08-fc43d8c7b828','AKVyjoLHBdseM7VzHehMptAIMagjBdGnEks3M1v8L19DajAw3s+FIKOrrW3rIcZ0ww==@mail.com',0,'ANQiDNWJvidE6OpciTBQvV+GVFH/Oco3xTaq76O1sM9dBIjsLP0/Ya+8RQrlOOyJcQ==','b7925a8a-8bce-4fb9-9a6a-c64d4ac22b3e',NULL,0,0,NULL,1,0,'Teniski_klub_Varaždin'),('731d17af-6c6d-46a4-baac-51ec3e15a0bd','AMEECTaACabGNXDG2tgafAVgIneOsIfzSp6SQRo1LdqMx1IPkTJqXeRfNuzp22wtSg==@mail.com',0,'AI8W8RuND196bawcxBYB+U2ZXs8V82H/jPHCAGXwODzWzXBau9zQ3IUeqyK9rUWVUg==','df8d4f17-03e9-4755-bea0-aa75c2287825',NULL,0,0,NULL,1,0,'Forma_Fitness_centar_Zagreb'),('737c0f78-b07e-4e7b-ac0a-58b0f0bb70c1','AFtyRolQhHj6vZRQoOf5KtQ5pBcA+8Sq//bGYdMnyNY24eOv84TNOePp6KSu0UEGZg==@mail.com',0,'ANVoSD3vlM8m67RQX9Dq6C+UXcKAx2STipm8K16n6BnDWS+Z2sy0avA/fbxiPELhOw==','422cfc97-a524-43b0-bbed-0523656cac83',NULL,0,0,NULL,1,0,'NK_Croatia-Stadion_NK_Đakovo'),('738b75e5-9102-48cf-9089-06dd1186da67','ABjFwuqTw5UobIsGi2J6ioYVp5iJBZzjy255AqFGy77X47k3wFtg2I+JQlUXwQM38A==@mail.com',0,'AFgVyoW46q4XZTYk3uYbUxHWcR6Fr30L7FqeIAAWi4HIjTGHJEK9cOTMhUEj4lhR1A==','7e31be79-ec0f-4548-b8a0-a70605aa3977',NULL,0,0,NULL,1,0,'Bazeni_Cerine'),('79aede60-8b20-4d3e-abaa-c1f5e0ae92d4','ADeMEu2AvJgZ6FRsDQ6m7QZOGjnKhKydwEuN665Iwp8ErHUnsL1KOhJt7CnXFQlTVg==@mail.com',0,'AGdNdGvftAP9ru0qn3QQhgATSzPif0Ksiwdb10CZ8kgWG+cfBBDy4mEG5HiZaC4EzA==','42477f7f-4167-4d62-96e9-5dbad3a1023e',NULL,0,0,NULL,1,0,'Teniski_klub_Osijek'),('80803d5d-21f1-4aea-a785-29ea4b9edb3a','AMr8A3+w2bBRZ9cOxy/jem+zYCWIB2WKzqyGNqcqpFncGAtsdezCvizBT/22RHMKkg==@mail.com',0,'AERza3esCPqXBH0XkhRQ3tymF3z0ZknlFkWW1xTQfFgAiY0PFR98+bnXYg49pQEFCQ==','202a712e-6971-48b2-9714-b12696890375',NULL,0,0,NULL,1,0,'NK_Radnik_Križevci'),('82ec7604-4539-4449-89bd-0e4b25469688','7198484a-1c1a-40b2-bd24-b485bca07789@mail.com',0,'AOKS91eWJqq8vqqFVWoxHCNChSqNqKlVlOtFm6GBag/q0a/+RPVb73dMxtYvWz560A==','8c6b4fa5-d3b1-4c79-ba9e-24e7c2ddce00',NULL,0,0,NULL,1,0,'Admin_Antonio'),('87f8159e-05d2-4076-979b-0d019b1b5a90','ANANfxtHsItvEe6hNq2XXTR5eA2qcfNS9CJ78dHmQpPaelUWeK7F02q7IRlBpwni9A==@mail.com',0,'AB8H4KPq7mUeYYJ+G6120saAkOehimZIRLSf+qojz/5TvN4U4nDwuXr4p/9XrG/a1w==','bac7ce74-2c2e-4472-9ec2-ed4936d0ff3b',NULL,0,0,NULL,1,0,'Rukometni_klub_KTC_Križevci'),('8c8ac86f-ace1-4c6a-9871-768168ab6eef','APq0DviSgAwVKd7P+4FC+rRkzsZhpXVxhSCsSYEM5TGLACo0wQfcoiIqlhF2QKauXw==@mail.com',0,'AD19DVe1DraubNsMXVeUCStZySi8I2/WvY/5hPs5vyr7jcn6J/B+0sJlhRtdInUH9Q==','d89074dd-beab-4a60-83e0-c041ea40f722',NULL,0,0,NULL,1,0,'Gradski_bazeni_Požega'),('8e76f8f1-2b78-4f11-ba09-3566a27fc26e','ABdLAfDisUUEyJTyB/Hjsu2yQcEbynYZwnP4GBNngKsr4v0py5Jnfum7yCEDhsaG9Q==@mail.com',0,'AElGgmUzX4Diq90RSEmOhCDncR7/e5YArqdJZp9HNRVNbBB7MXhykQalUAX/WJBtiw==','fb42449e-556f-47b2-93b0-bf93253e5c47',NULL,0,0,NULL,1,0,'RNK Zmaj Makarska-Gradski sportski centar '),('96d1182b-2979-46eb-8171-561d7d4f1022','petar.petrić@gmail.com',0,'AO2AkEcJ4elx79TRbOVTXYrpCQBpyFywR8edbxqoT0aKnnDQWvL19WADcjfndro7XA==','62586b43-88ec-422b-9781-c59152c75a22',NULL,0,0,NULL,1,0,'pero1998'),('9b007fec-dd07-41a6-a3e6-6c09331c392c','AMsBY0ftiE0jvT7cd76HQFyK6b2g2ApAqsdKdrSRtqZYwW44Qn45JTE3catGB85i/g==@mail.com',0,'AN68NLL0OXsyRJRPw2wjg0M/+VLhyaRXdhYisjiB4KfXAhmPys2V2sdFjHWKu/irKA==','e3126da8-67a8-464f-96ab-7495a3b16c19',NULL,0,0,NULL,1,0,'Karate_klub_Metković'),('9c590ce8-4450-4be5-86fc-59897e27f57d','ANWr6c4K7tWM6vjTcAbtFbm+HEdTGTD+VypTPwLpW6pfSVDpU9ydtgRJB7DyURwqCQ==@mail.com',0,'AAPQRNEP9tlEF8JntT1qq/YroS/Hm/dKrolwQHq6XokdPDw+t897bquh+KFXHYY6og==','391cabd0-e3dc-45a7-87a1-29e5c1126d57',NULL,0,0,NULL,1,0,'Teretana_Gyms4you_Zagreb'),('9c9ba6f2-7897-4e32-a75d-13db83aebe92','ALfRBN9Bq9RC2Bg+5Gutwm17AP4xtGCvTkDzJ1hXpeJtbr1Bf+6C/4QBeET/8X55RA==@mail.com',0,'AD/kUdKs8od28jEfYLgWwevbut0Ew75QOGN38gXCSQCF5XYKfDDufiA/Avkvflo7ig==','32a9719c-dbed-4e8c-8014-e84989fbd0d7',NULL,0,0,NULL,1,0,'Teniski_klub_Zaprešić'),('9d17bdd3-fbca-488c-b0ed-4501940bf80b','AMsa7BBw5d+v/MxBOgFOl4Y50sOcVhphhiX04poNQxVk3xDW8e5fmwwLwjD+Z+HvHg==@mail.com',0,'AOp8ltQEfGPC/guB/7ZQTVe4nUpWfijtOOeZ7hRQM+lPxh57bvXOtELk/WuD43pPvg==','27fceeae-bd12-4212-b3e3-f9a45122a145',NULL,0,0,NULL,1,0,'Teniski_klub_Koprivnica'),('9ee2190a-8a6e-45dd-ae2d-8dedfbdfcdd3','AN0AIpqrklmujXMRXiG0rJWVqZzASF222eTwZavGIFqkcfbv1AvurzxHoAXDsqqhSw==@mail.com',0,'ABKo3V9Pfly+MwX2Yn+MQhUrLdG+t4X0SR7APt1FX4vpJM+kK38clYsk8RCSwTWPeA==','e1ab8c94-e96b-4213-aa76-1f265aecc92f',NULL,0,0,NULL,1,0,'NK_Polet_Sveti_Martin_na_Muri'),('a4d7bc89-9ba1-43bb-8861-e11369a38d99','ALsSy8/wmegqgIL5ZJIcN/m6hoGl+QWH116tIyfScS1Zq+aEkfCLTKFjDqR59Z+Gkw==@mail.com',0,'ADLbhRzV+gnNAhiyp8H4Sk3sX3pAu6IgoH0BuuTY8kBxhnj+KSKdoxdnUZXqKgMcEQ==','7eba42f6-c35c-4daf-ac43-5a4279cfd1e5',NULL,0,0,NULL,1,0,'HNK Gorica-Stadion_Radnik'),('a5b89c3c-cdd2-42f9-a5da-34e60b8d4e33','jakov.jakovic@gmail.com',0,'AL0MKEBQcWP023zNciv9DMAwNXhj6K5q507PK3zaemr/B6KfNU5fL1GQZcl7qhSCkA==','65e123e4-d4e1-4170-a222-cf741aa8c510',NULL,0,0,NULL,1,0,'jakov66'),('a6a383ae-cc1d-4b15-95da-620143e0da8c','AL5EkeY/rBb/UtZOVT1huHeeqDWA17vd9qP2RDuVs6hVZW2S7Vhpbm7zPy92abJD5Q==@mail.com',0,'AJFAo1uke9MfAsXHsV9gbFXNBkl5jKwpOVds24da7qetXVBvCppFdjMd4lrWu9Cq/Q==','b5f59d61-950c-47af-a54b-3abb3334491b',NULL,0,0,NULL,1,0,'NK_GOŠK_Dubrovnik'),('aa15495a-322a-4b69-8d5d-d35244ffc1ab','ACzCuX4n4FFjWaZxBtfWUxCFm/ienazCCLqiLLPkoAY0YWyGGzel3125Id2n8lNUeQ==@mail.com',0,'AD1c8FW68I0O0FXufkucYhIrjBSJDRQQNi45KfqyxEtR2hzerBWnLx7MtAAuY9gc3A==','60b8cd2b-f397-45f5-bcf1-2bb31fd82d02',NULL,0,0,NULL,1,0,'Teretana_MoFit_Zagreb'),('ab30cef3-bd7a-4511-ad08-4374c3c3321c','21a0dd8d-314f-405c-9c8a-59d8377c5127@mail.com',0,'ADw32LVbkQVT5K0up4G+R16TIUV+IeRFbVz9TN6k4sJ7ZobM0hpgahtl6Esa/+v+WQ==','58fe35b0-b29c-4f06-a94f-9af9ac8e59fa',NULL,0,0,NULL,1,0,'Admin_Filip'),('ac3903b3-98b9-4723-bee7-96beb5b7c9eb','anonymus@gmail.com',0,'APD92WNMtOAqJV5zkg8f5lTEgqxluib46eXLoz8BlDhvxlMFTP870Le7jvH+BclxcQ==','1735bf58-7513-43d1-8a94-f1d297f872e7',NULL,0,0,NULL,1,0,'anonymus'),('b11fdb02-41df-4fc3-b5cc-229c94fc82a6','AHm1p7KN/POQmS6JHEUrkPIeGAyoj+R8d9VwABNjXBNgKMsUgeVb+ZGZEzRqBRnM7A==@mail.com',0,'ACyJc96S9DN3JKGGmTGiu58HbknFvdFBvsVLqkE2OELo/FQgeCnOmwFREGqbf72BTg==','d99e63ca-23b8-47de-b3a6-83af00f798d9',NULL,0,0,NULL,1,0,'Karate_klub_„Dalmacija“_Split'),('b3632046-5fea-423e-bcfd-2539c2071443','AF0WJJMCNq+4MY5nhPoNhA0qVtCu5Y4NM6Pt39n9eocDjeKcVPOAbvaeMhM/GIfxhQ==@mail.com',0,'AHCbvQbgpN4PSThde/Le8iNXp2ub1aA6ROgre6JZO8idpEgX5ZW50OggMHCGBcJAzw==','698ff069-0e7e-49d4-80df-ed6117c87597',NULL,0,0,NULL,1,0,'NK_Varaždin-Stadion_„Anđelko_Herjavec“'),('b4265b84-063b-47c8-861b-653652bc107b','AIXbOk05fGjXiM+zuJM5Tr9wlys3m+LIbWFu/EoRL80o3wJH4yuIr6wrE+4poQsdaw==@mail.com',0,'AJ5QXUVXZJO5h7xuKcbsbfD4QPFRkcm3L/72f0zu6c4pkHFZlKsMrYS6dYNHAZIjMA==','b1c7c7f5-2e08-47de-af01-6b87c6dc7e60',NULL,0,0,NULL,1,0,'Teretana_Gyms4you_Osijek'),('b811693c-af9c-4fd7-a247-eb828226e2ce','AF/mZTQxhJScOShG3wqvO8hlT2z71eYDa1XtI+NBc7dYGnhm0V44XnpbNqNNWYc2Sw==@mail.com',0,'AMfdHCCwrT236Upw2gwsURdWaoXQ8GrukInhIyHBv0juScWmviDVqNNh3eRzHNSsOg==','e40fda44-c66e-49d3-ba8c-4dd0cb3812a5',NULL,0,0,NULL,1,0,'NK_Neretva_Metković'),('b97164fb-73b6-49c1-a87a-50a6fd05f833','AFM7zRygiFdXVW20l2C26J4e4ZFUAS7FTANVY6dRIsXwsDt9/b/4+U4rXD8ija77yw==@mail.com',0,'ACK8geBNy+eEpiAMwajgJFK13q/EMhs2Pb0ruA9aLTNFcUez8PFWg3XbCV2lZeFPqQ==','0a4138f1-1d02-49c0-98e7-2d0b058c7c9f',NULL,0,0,NULL,1,0,'Gradski_bazeni_Đakovo'),('ba35cedb-8ec4-4930-901d-0889cb422eb0','AA1tUfq8LMRHRQstFS49BY5nrfRtn0GZsdaWsP31Xk8K7OXrlQnokai/kqEdiIsAcQ==@mail.com',0,'AKfg8afnKyu3OMKD5yIr8EA1UU/OOGwjIxkk6hDZJnBKLQHanyTH1skQBVxJFGn0sg==','2d89e099-3940-4c4b-a15d-2ea1073f2030',NULL,0,0,NULL,1,0,'Stolno_teniski_klub_Požega'),('bfc59218-f308-488d-9ad4-9e6c366b9e05','AK4mlV4cZbPsSLQVyWxEAYyJ/AFAjHomLPGIfg1uc8E0Wg6LwMPyjmjan0SpAMDYgQ==@mail.com',0,'AHyVBsRDC0maHMfyXdpIgcg4ADTQLZb8Qv+C6aYA22FxU27xOJqCnsjZ9PSQZx7OjA==','40bee03d-b871-49f2-944e-8bfedf72f30a',NULL,0,0,NULL,1,0,'Judo_klub_Zagreb'),('c4719d0e-5d4e-4a98-8957-90195d05c8a7','ADX/OTIfg9qDK7Ryz7h815mPQfCQT+lMr4vz6E/O+rp/B6+x+YafLI88VePXh9mMyA==@mail.com',0,'ALr224kM6qa1yT71l7xW/nK5tnk/CQJPFmysaiBQMUbmu164N+Mp6o2/Wf1+VIDvGQ==','f3fac206-b997-4b73-af43-726033238342',NULL,0,0,NULL,1,0,'NK_Slavonija_Požega-Gradski_stadion_Požega'),('c4d2858e-49b0-4ac2-8add-b356f88dbb5e','AO2aCVY3XHSf3VRRcKYe1TJGpwNL6gIk9rCP1sun6N/VkGGGPF2Dm2kqNlzglK58fg==@mail.com',0,'AL9Jgg3Yb/pn3plVitTe/pVPeZMPyWS4r4ADpR4Hu6IVl+XiT9V8Z72OfdYjStKvFg==','b6ef321f-098f-4db5-a65a-f0ae84077a85',NULL,0,0,NULL,1,0,'Olimpijski_Centar/Marjan_Fitness'),('c75650f1-f1e7-432d-82fd-7fbad62b1527','AB3I8703HCty6mQNfC5hP3ranKDxvpt+bIy+imFhd0X4PlTBZSnv5umq1DBO/1wlnQ==@mail.com',0,'AG3QWN5oiQKN6bsMOTjWTF3C/Zd/RzE4ag/0565yC5d0LSm7NbDSI+AoZbHiOnrv4w==','1bf1a28d-a2dd-44d2-b392-af283c4107be',NULL,0,0,NULL,1,0,'GNK_Dinamo-Stadion_Maksimir'),('ca9f947c-1dc9-45a0-a9de-914d74ec4acf','ADhBexwATAUewFmnPQPs4iASIwsDItw6ciU7H+1HQJlZfITNXB0HaG4Gl294wczebg==@mail.com',0,'ABrmGacDVO40VU8aGOWT/kq7K8IUsGfztr0+1gZGAmjqzV2/0OLpHid4EO7uZDXkjA==','ff326ceb-a6aa-4d3e-8fac-414a56510722',NULL,0,0,NULL,1,0,'Fitness_Zagrad_Rijeka'),('cd6fb3d7-6e2f-475b-a9dc-d257a46a0658','Admin_Test@mail.com',0,'AO4znvMgopUPO+D0pb8JPCywD06Wc8hVc7j58/ARkskkpt0A4oCqXYDtUiC93tQNhw==','33af7767-00c7-443e-9877-299a254947aa',NULL,0,0,NULL,1,0,'Admin_Test'),('ced465b8-4320-4be6-b5f4-7e28bb6ba81b','AHu7QN6P4r0FBO+eNRlnAU0erhObrnHiIwcNgADk5xPeA7ZXnr+LCFcgm4QOTssPnw==@mail.com',0,'AIKNSJ7E4KOK4ckolEaibXvqzgeXKuSDvBuDJzTy1CqO7XWDMA4SQ4H7m6kaBoLgPA==','e9a6a76c-a425-4070-ad77-5ef758cfc526',NULL,0,0,NULL,1,0,'Gradski_bazeni_„Marija_Ružić“ '),('d2720eb9-1857-4741-9f36-a46b9742e8c8','ABlbJLHsvbvQQW27bVR1ogRoVCpjFoSyoT3IptAzF1uWGBj37EkCDFpRFWHOYiXCsQ==@mail.com',0,'ALbt7GSDZk9KcNA8GDpGsJq5OJU9tlNRfsFKUfejGjY54dD1QW+SqUk61e3G7KXSAg==','6db7506c-09be-430d-8eb7-f75aefa81f5a',NULL,0,0,NULL,1,0,'Karate_klub_TAD_Rijeka'),('d35ec621-2034-4731-8b29-bd21f4bff0d2','AEb2rqaAGg4LnMo1oJicdjawMVdKSZIevouCV9n4+lfCVl5dTPbmo87xiioW9+ZBjw==@mail.com',0,'AJsnaC9H0dc9GVPa40v2n/7J5LJbOLnLKm/G6sowLb7LtqVg1I+GEgejcEjVoq7p3Q==','73aabf42-2659-4237-813e-5751cb47d7c2',NULL,0,0,NULL,1,0,'Teniski_Klub_„Franjo_Punčec“'),('d67cd170-efdc-4548-b19c-abf6134d558f','ivo.ivic@hotmail.com',0,'ANaHcXTB90ZGEYY977EckscfF5Mv/1wAS4dObXWk9iFFhZGX9pgFDehJmJHc808sig==','96d5b9e2-5031-43d1-8fc8-78d2602c0f14',NULL,0,0,NULL,1,0,'ivo56'),('d9587a30-abe7-4a0d-a26c-c664f270790a','AAukEdyd1odjoer6JweDPWOs7+nhObV64gHSZE83E746twxBRwwxi6JEA8D7xyX6aA==@mail.com',0,'ANMVce2dnZhglkYM9gEh/JELYVS9unFeI/cIpPlI8PFsSQfF4Mb5hlDeKzr21SDAnA==','709be98b-d52b-4ac2-88d3-ae746b995b50',NULL,0,0,NULL,1,0,'Teniski_klub_Gorica'),('d9b4a006-aeab-4596-8696-2cefad8a4c5f','AP9TPRbum0NxfDX6YBfboE+ZI29FCXA/nWDonBGmpMele3ASRiQ/ucxFg2EGtCmgGA==@mail.com',0,'AGzhL2kOgr/aZk4HeckiRBoxIvaU+YGdevFAcY6GjwN4BCAk0F4FzJrvBVvAKircpg==','1cbea55c-b219-46a1-a787-d094c28a1802',NULL,0,0,NULL,1,0,'Gradski_bazeni_Dubrovnik'),('db34a801-faf5-4de0-8995-aa2cab91c88b','klaraKlarić@gmail.com',0,'AJBf4hWCyGvs/2b8OEtaAk4z+Ega2MSxn7JzdgAl7FBUlQkEDgVG3RyNgfSgEoDOeg==','6341bf26-c6ec-48ae-9830-fc77276663b8',NULL,0,0,NULL,1,0,'klaraKlarić'),('dc89ac35-3740-4e4d-8734-dab4544e07d4','AAKcwUjgqN0ooqTgf68H0mpZLsnkQSdZPT7dTgFtjtFeW29AhR99iDpJIdyFq++oIg==@mail.com',0,'AKzlSA+bFtHaHzaZ5jVWwJzrSs1P+lbzBoDAY1q+DWCWUvJVMUPWN6QSrT70IQd4PQ==','6f08a1c7-83e4-4083-8e59-34f688a61130',NULL,0,0,NULL,1,0,'Centar_za_streljačke_športove_„Stobreč“'),('df721bfe-04cd-4cf7-8be1-e9b5303183ee','AGo8+iZWYxKJYNad/QSlczB53VCUn+I0N47r2hh8mg4lVAc50YulkkLzpSelK6ZVow==@mail.com',0,'AESApCnRjK6YIYW6UYPx7IB39IAE18FKVm/fb4XQ52txKgcFjWs4kthNTVm/5GTx8Q==','be88cf1a-0676-485c-a371-f55744f24781',NULL,0,0,NULL,1,0,'Gradski_bazeni_Križevci'),('e748b831-5310-4ddd-9356-092a21c36f01','matija.matijic@hotmail.com',0,'AF3uSoWck2ZeAJ+2KOrfAyKUprRj1/0KyQfQk0gy0ixR+MRZW2dc8EQsaC/ssQXeAQ==','100307df-4940-4029-9974-6179229e0cf8',NULL,0,0,NULL,1,0,'matija1980'),('e94c0f1a-01ed-42ec-b61a-4cc7861594cc','AJ3ZNIcaknY9JQRZ9qdqGFU/4DtoGgoAgVa2+3R8Cr6fb9nO2/YFudjIMa+KGUZ/QQ==@mail.com',0,'AOs5xlbWEJtvPATmMLVhRMiQkNUManA206UXPLmxJjxeZ1Uz7lK2agYQ1fKf7n/n4A==','a3408633-64e3-4444-bfc5-1d5f5e171551',NULL,0,0,NULL,1,0,'Teniski_klub_Križevci'),('e9f429b7-5a85-4960-aa3d-bc86a71d2ed5','AOMl6kCBhLV092KsNfbcC/FKMpjtS6SM1dZJr8/M8qEpDmKp+ksu2KJd4bTvHn0hzg==@mail.com',0,'APN3sHU/ubJNhHnx+sQQVe7wnou25yvD+6ukMXZBOwhJgzwsV/8hMiKfRoZvBa2WAA==','f0a1cb21-c462-40ac-9975-d25f2185e09b',NULL,0,0,NULL,1,0,'Life_Class_Terme_Sveti_Martin'),('ead70e5c-5814-4f46-9395-6fee3affc7ec','AMZ/jsD03Yvp+k2Uzd9d16AaEhyuXzsHCUp/7p/JLGaSRKIaPC7j2PcS0/iyaKpITw==@mail.com',0,'AAAvHGsYKBOSZASixAXnWbpmVlOsOq7+ESl9ks9MCzL3uMXcoHtDPWA/0+o2e/H9Bg==','8edbdc88-505a-485e-85a5-aea4750ed7a3',NULL,0,0,NULL,1,0,'Gradski_bazeni_Velika_Gorica'),('eef88198-f075-4a2a-8862-db7a1ba14f44','spužva.bob@gmail.com',0,'AB0QEMt6RlIcG3h0A9ns2UER8IAOUkVlkfxCNh9EyqltOfFu4nfNgeWv1m9fAdNR6w==','1af0003c-5838-4e87-99e0-efc0c6a9c48c',NULL,0,0,NULL,1,0,'spužvaBob'),('ef9c71ec-88f2-401f-a9bb-f3942bf737fb','AAxYkEozfskR1jTaAMcTd1bf7+ZcJuMeXijUVxbfDjzDKNo8IWIKoEBkBuKt+8o2QQ==@mail.com',0,'ADLGQ5CucH4+xKCFxK1q7vwUVfxJJfgFdQrP/UEij6Vi0Nb/XqBHp7jy3ydjRjQ8Kg==','ad48e95d-5889-4346-8e17-bc36893fcf23',NULL,0,0,NULL,1,0,'Atletski_klub_Šibenik'),('f071020e-61d4-4beb-a103-885f73e714ec','ABRGfLjeT2BhtCSd7ZIpc4IU4mTBD3mo/IBOGuoPE+t/XS1YKd2fSUxON2SQIlNUWw==@mail.com',0,'AHQclCrJv4A2XALPA318ZbvuyyTrgS0+ptaQutHGkV0DmHbECei69licI5SaXbd9dQ==','2dd05dad-1009-4dc1-ade3-d5aa3bb50ee4',NULL,0,0,NULL,1,0,'Gradski_bazeni_Varaždin'),('f1433f84-c12a-48d7-80c9-0741dbb61761','AKCCiooiwHkLcXyQDeyt7zZbhzNdRM6aWftzfL1RXR8PUYc514j3K8cdD82jD0BoUQ==@mail.com',0,'AI32bwcDW64Ou8+Z73LPo+m4LdcqltSbDnNpYpeFCHMA98cv1G3zC+QY1RTd0reGpg==','1d95af8e-103a-472f-bee7-e2de9542c2f3',NULL,0,0,NULL,1,0,'Kickboxing_klub_Domsa'),('f1880e52-0fc3-4c16-a8da-fb56b216a8d5','ABdhiFPfkzvlIIi+ZfezgLjARfAhPOVPeETyzl7O8NO6c/xc8BFoiM+/AVQJSy/V9g==@mail.com',0,'AK12slfQ/f3SHgP8Oqf3ovM8W9fogQwcfSM/LR3blO8jr/4EX8myjgeihnY48zxIhQ==','55049e9b-e0fe-47d0-9a41-000b2e6286de',NULL,0,0,NULL,1,0,'Košarkaški_klub_„Cedevita“_Zagreb'),('f5a30727-4cee-426e-8cf7-6565eb584517','AKOgm76rlbXEpBx/B+nG8qpSbncp9ghdOP/Gx8C7LdC7e2H1B7Vv20hLDJw9Yj+X3w==@mail.com',0,'AH3GOl5/NaV7CT9Ua6KwA+UIvJ71cXC3Izg1EdRX6LQIWIrhwz83tuqpLUHqT3+FOA==','3bc4e622-306a-4ba8-a3c6-5931112920c6',NULL,0,0,NULL,1,0,'Gradski_bazeni_Zagreb'),('f605f213-2d77-4fa3-8a47-9438c14526cc','AATDZVP9ZQbRukwYk1cy3Y3qrAcK/RRaIbFPT9PZInsNia5lzBk7ktGwbKiTK0ZpPA==@mail.com',0,'AOW7KDHEs+ayAebdvDe/60BiHA2MiuOIu0wQA8IxG8ABfbJfxZUE1A3UAzhNapIqvQ==','7c36c53c-44ae-4f4b-b434-75592eec82f3',NULL,0,0,NULL,1,0,'NK_Podravina_Ludbreg-Igralište_NK_Podravina'),('f6a27743-88a9-4100-96af-9acd0e1eb0ce','AKrGcCRhOplFFS8fIWp4xN+EbLkgJcuJ8Zcasgsa0rzhoobVebq16iLWdejZLIncqA==@mail.com',0,'AI40ZsDEWl8KyI0vIkGQho5Zl8Ps5l83KLx81tw7cUZmkiMcQGJPMKsfcrlHb6HO8A==','d7fe14b6-d70e-41a8-bc00-6bfbb41145a6',NULL,0,0,NULL,1,0,'Teniski_klub_Rijeka'),('f730abce-fea1-4735-90bc-ec4399155d79','AFHQf9ty+4zivCa30/SDVx1wUOnzkaYIP3ynZoEVn6Wpp0GNUPVba//5Hii8Dy8voQ==@mail.com',0,'AF0yKFUuE0BpDBp2QzJhMP1gqLGrI6quI1n/NL12KjUqz4Mtkrsj8s6nHcYAN4M0Uw==','44f0f595-f3e5-4a36-b94b-8f3b7f746cad',NULL,0,0,NULL,1,0,'Tenis_klub_Travnjak'),('fcdeffb5-cc07-468d-bef0-315ceb0f083b','843e0472-936e-424a-9a4e-bab9b0ce35ea@mail.com',0,'AI0vjbXawtctFu6NQZyUi69yBCQ0aj1Lug0jRL7MDE5curtez2bnqRUEWtwpO2wpRA==','82851a34-cb1e-4147-97fc-99deccc39b0a',NULL,0,0,NULL,1,0,'Admin_Lea');
/*!40000 ALTER TABLE `aspnetusers` ENABLE KEYS */;
UNLOCK TABLES;

--
-- Table structure for table `gradovi`
--

DROP TABLE IF EXISTS `gradovi`;
/*!40101 SET @saved_cs_client     = @@character_set_client */;
/*!50503 SET character_set_client = utf8mb4 */;
CREATE TABLE `gradovi` (
  `idGradovi` varchar(100) NOT NULL,
  `imeGradovi` varchar(100) NOT NULL,
  PRIMARY KEY (`idGradovi`),
  UNIQUE KEY `idGradovi_UNIQUE` (`idGradovi`),
  UNIQUE KEY `imeGradovi_UNIQUE` (`imeGradovi`)
) ENGINE=InnoDB DEFAULT CHARSET=utf8mb4 COLLATE=utf8mb4_0900_ai_ci;
/*!40101 SET character_set_client = @saved_cs_client */;

--
-- Dumping data for table `gradovi`
--

LOCK TABLES `gradovi` WRITE;
/*!40000 ALTER TABLE `gradovi` DISABLE KEYS */;
INSERT INTO `gradovi` VALUES ('07a16ec3-26be-411e-beec-49ac5dcfb45b','Čakovec'),('3539dad3-599b-4b52-aa75-4585f49330a6','Đakovo'),('5d6be5b7-2691-49fe-967b-6448c7ad4b80','Dubrovnik'),('377f8b2f-0035-4fce-9759-ffde425f7640','Koprivnica'),('7f20aa5d-be1c-4afd-91e8-500a4b95300c','Križevci'),('ce014312-aace-494d-81f8-f46af00d4a6d','Ludbreg'),('0ba39fa5-8221-4066-b123-066ee5767720','Makarska'),('d276aac3-2fc6-45c0-84d2-12340e87c601','Metković'),('1068bab7-ee12-4074-a550-885b561a40cd','Osijek'),('4a7f8ec7-3721-48f3-b157-00e8dba8cb33','Požega'),('c84f6612-a146-4386-9074-94bbee985d68','Rijeka'),('86b4ce1c-e433-414b-b366-79229714d1a5','Šibenik'),('c059ffed-6321-4c7a-b8f3-cf9560ad4dca','Split'),('b8195959-9b2a-45dd-ae98-08c49c523deb','Sveti Martin na Muri'),('f43f9542-32df-43a8-9b1e-3de7cf689ca8','Varaždin'),('d4ddde73-4661-4d34-8516-0c4defcaea06','Velika Gorica'),('57346231-5106-4a39-a4c5-b0f18eead3e4','Zagreb'),('9ee1ecf4-c7c1-42cb-baa8-bc8cf0848c97','Zaprešić');
/*!40000 ALTER TABLE `gradovi` ENABLE KEYS */;
UNLOCK TABLES;

--
-- Table structure for table `images`
--

DROP TABLE IF EXISTS `images`;
/*!40101 SET @saved_cs_client     = @@character_set_client */;
/*!50503 SET character_set_client = utf8mb4 */;
CREATE TABLE `images` (
  `imageId` varchar(100) NOT NULL,
  `imageIdByPoduzeće` varchar(100) NOT NULL,
  `imagePathOnDisk` varchar(200) NOT NULL,
  PRIMARY KEY (`imageId`),
  UNIQUE KEY `imageId_UNIQUE` (`imageId`),
  KEY `imageIdByPoduzeće_fk_idx` (`imageIdByPoduzeće`),
  CONSTRAINT `imageIdByPoduzeće_fk` FOREIGN KEY (`imageIdByPoduzeće`) REFERENCES `poduzeće` (`idPoduzeće`) ON DELETE CASCADE ON UPDATE CASCADE
) ENGINE=InnoDB DEFAULT CHARSET=utf8mb4 COLLATE=utf8mb4_0900_ai_ci;
/*!40101 SET character_set_client = @saved_cs_client */;

--
-- Dumping data for table `images`
--

LOCK TABLES `images` WRITE;
/*!40000 ALTER TABLE `images` DISABLE KEYS */;
INSERT INTO `images` VALUES ('19001232849706990','2642139b-3296-486b-9673-a9f8cc31c194','~/Images/logo@2x-so190012328.png'),('19003448387475639','29ae295c-8673-43df-a143-fe9164393fa8','~/Images/1200px-Poljud_panorama_2190034483.jpg'),('19005417522072186','35227b28-4a4f-4484-b3c0-4947fdae9379','~/Images/download (2)190054175.jpg'),('19023307786004202','731d17af-6c6d-46a4-baac-51ec3e15a0bd','~/Images/b5190233077.jpg'),('19023308233491363','731d17af-6c6d-46a4-baac-51ec3e15a0bd','~/Images/download190233082.jpg'),('1902552417410823','44025e7f-9321-4c63-b31b-7eef516bc0cd','~/Images/KROV-1024x531190255241.jpg'),('19030269087359516','44025e7f-9321-4c63-b31b-7eef516bc0cd','~/Images/stadion-v-krizevcih-glavno_03190302690.jpg'),('19032648986517663','4374b55f-525e-4226-990a-da80e8cea2b9','~/Images/download (1)190326489.jpg'),('19035086198220999','87f8159e-05d2-4076-979b-0d019b1b5a90','~/Images/220px-Logotip_firme_KTC_iz_Kriºevaca,_tako-er_i_logotip_rukometnog_kluba_KTC_Kriºevci190350861.png'),('19041912985614086','b97164fb-73b6-49c1-a87a-50a6fd05f833','~/Images/images190419129.jpg'),('19042575892384736','b97164fb-73b6-49c1-a87a-50a6fd05f833','~/Images/6190425758.jpg'),('19045672291340249','f730abce-fea1-4735-90bc-ec4399155d79','~/Images/tenis-klub-travnjak190456722.jpg'),('19553344930119570','01d2c00f-cdab-4957-902b-a20ceb277d98','~/Images/image1195533448.png'),('19555227336139096','0249a914-d1d4-4169-8cd1-b8120fad9e85','~/Images/na terenu 2195552273.jpg'),('19561000557433810','0249a914-d1d4-4169-8cd1-b8120fad9e85','~/Images/sportski-objekti87195610005.jpg'),('19564431922547277','054a932b-6f3f-4695-b11c-ce4159dc5d30','~/Images/unnamed195644319.jpg'),('19572112071600478','08023533-5c08-4c60-b523-99aa57d81c2e','~/Images/-dsc9492-2000x1124195721120.jpg'),('19575008785493152','0d9e32e6-4727-461a-9a07-d64f85463b9f','~/Images/Stadion Rujevica195750087.jpg'),('19581320994032214','17d60270-b2c4-4cae-878b-ec04bed6c6f3','~/Images/6195813209.jpg'),('19582163480631825','17d60270-b2c4-4cae-878b-ec04bed6c6f3','~/Images/images195821634.jpg'),('19585397713068039','215e3a5b-5b6a-4d67-a4b7-676b01278ebb','~/Images/0000019343_685_375_cut195853977.jpg'),('19591195523234602','2165c6f4-c89f-4291-9508-3a3edb31f624','~/Images/0000016970_986_0195911955.png'),('1959467326600386','221e6961-4df4-4b9b-b4f6-fdc998057e79','~/Images/IMG-20171107-WA0000195946732.jpg');
/*!40000 ALTER TABLE `images` ENABLE KEYS */;
UNLOCK TABLES;

--
-- Table structure for table `korisnik`
--

DROP TABLE IF EXISTS `korisnik`;
/*!40101 SET @saved_cs_client     = @@character_set_client */;
/*!50503 SET character_set_client = utf8mb4 */;
CREATE TABLE `korisnik` (
  `idKorisnik` varchar(100) NOT NULL,
  `imeKorisnik` varchar(100) DEFAULT NULL,
  `prezimeKorisnik` varchar(100) DEFAULT NULL,
  `kratkiOpisKorisnik` varchar(5000) DEFAULT NULL,
  `registracijskiEmailKorisnik` varchar(100) DEFAULT NULL,
  `kontaktEmailKorisnik` varchar(100) DEFAULT NULL,
  `kontaktTelefonKorisnik` varchar(100) DEFAULT NULL,
  `gradKorisnik` varchar(100) DEFAULT NULL,
  `županijaKorisnik` varchar(100) DEFAULT NULL,
  `ulicaKorisnik` varchar(200) DEFAULT NULL,
  `kontaktEmailIstiKaoRegistracijskiEmail` tinyint(1) NOT NULL,
  `putanjaDoProfilneSlike` varchar(200) DEFAULT NULL,
  `korisničkoImeKorisnik` varchar(100) DEFAULT NULL,
  PRIMARY KEY (`idKorisnik`),
  UNIQUE KEY `idKorisnik_UNIQUE` (`idKorisnik`),
  UNIQUE KEY `korisničkoImePoduzeće_UNIQUE` (`korisničkoImeKorisnik`)
) ENGINE=InnoDB DEFAULT CHARSET=utf8mb4 COLLATE=utf8mb4_0900_ai_ci;
/*!40101 SET character_set_client = @saved_cs_client */;

--
-- Dumping data for table `korisnik`
--

LOCK TABLES `korisnik` WRITE;
/*!40000 ALTER TABLE `korisnik` DISABLE KEYS */;
INSERT INTO `korisnik` VALUES ('037143bd-c016-4aa0-a4dc-f01810bea85d','Lucija','Lucinić',NULL,'lucija.lucinić@hotmail.com',NULL,NULL,NULL,NULL,NULL,0,'~/Images/image3195559318.jpg','lucijaSmile'),('040d53a8-2070-4acd-a621-9206561b2042','Ivana','Ivanić','Pozdrav svima!','ivana.ivanić@gmail.com','ivana.ivanić@gmail.com',NULL,NULL,NULL,NULL,0,'~/Images/image5195608723.jpg','ivana17'),('11c36b79-0035-4205-b4ec-962cc1bdb668','Lucy',NULL,'Pozdrav svima!','lucyLiu@hotmail.com',NULL,NULL,NULL,NULL,NULL,0,'~/Images/image6195721722.jpg','lucyLiu25'),('96d1182b-2979-46eb-8171-561d7d4f1022','Petar','Petrić',NULL,'petar.petrić@gmail.com',NULL,NULL,NULL,NULL,NULL,0,'~/Images/image4195618065.jpg','pero1998'),('a5b89c3c-cdd2-42f9-a5da-34e60b8d4e33','Jakov',NULL,NULL,'jakov.jakovic@gmail.com',NULL,NULL,NULL,NULL,NULL,0,'~/Images/image2195626711.jpg','jakov66'),('ac3903b3-98b9-4723-bee7-96beb5b7c9eb',NULL,NULL,NULL,'anonymus@gmail.com',NULL,NULL,NULL,NULL,NULL,0,NULL,'anonymus'),('d67cd170-efdc-4548-b19c-abf6134d558f','Ivo','Ivić','Volim vježbati.','ivo.ivic@hotmail.com',NULL,'091 566 7891',NULL,NULL,NULL,0,NULL,'ivo56'),('db34a801-faf5-4de0-8995-aa2cab91c88b',NULL,NULL,NULL,'klaraKlarić@gmail.com',NULL,NULL,NULL,NULL,NULL,0,'~/Images/image1195704082.jpg','klaraKlarić'),('e748b831-5310-4ddd-9356-092a21c36f01','Matija','Matijić',NULL,'matija.matijic@hotmail.com',NULL,NULL,NULL,NULL,NULL,0,'~/Images/image8195649774.jpg','matija1980'),('eef88198-f075-4a2a-8862-db7a1ba14f44','Spužva','Bob','Ja sam spužva bob.','spužva.bob@gmail.com','spužva.bob@gmail.com',NULL,NULL,NULL,NULL,0,'~/Images/image7195639621.png','spužvaBob');
/*!40000 ALTER TABLE `korisnik` ENABLE KEYS */;
UNLOCK TABLES;

--
-- Table structure for table `odabranapoduzećaindex`
--

DROP TABLE IF EXISTS `odabranapoduzećaindex`;
/*!40101 SET @saved_cs_client     = @@character_set_client */;
/*!50503 SET character_set_client = utf8mb4 */;
CREATE TABLE `odabranapoduzećaindex` (
  `idOdabranaPoduzećaIndex` varchar(100) NOT NULL,
  `imePoduzeća` varchar(200) NOT NULL,
  `putanjaDoSlike` varchar(200) DEFAULT NULL,
  `opisPoduzeća` varchar(1000) NOT NULL,
  PRIMARY KEY (`idOdabranaPoduzećaIndex`),
  UNIQUE KEY `idOdabranaPoduzećaIndex_UNIQUE` (`idOdabranaPoduzećaIndex`)
) ENGINE=InnoDB DEFAULT CHARSET=utf8mb4 COLLATE=utf8mb4_0900_ai_ci;
/*!40101 SET character_set_client = @saved_cs_client */;

--
-- Dumping data for table `odabranapoduzećaindex`
--

LOCK TABLES `odabranapoduzećaindex` WRITE;
/*!40000 ALTER TABLE `odabranapoduzećaindex` DISABLE KEYS */;
INSERT INTO `odabranapoduzećaindex` VALUES ('4ef2b658-f6c0-428f-a3f5-4ac8fcccfa13','Aquila','~/Images/download (1)193153391.jpg','Central Sport nam je udvostručio poslovanje!'),('9118b331-350c-45e3-8a8f-f30363f15898','Taekwondo klub Tigar Zagreb ','~/Images/cropped-1600192200300.jpg','Zahvaljujući ovoj platformi mnogi roditelji su čuli za nas te kod nas upisali svoje mališane. Presretni smo i prezadovoljni.'),('e09669e0-a3dc-4f63-9e6b-fd75b78bb2da','Karate Team Globus Čakovec','~/Images/download191912579.jpg','Central Sport nam je donio broj novih ljudi koji smo dugo priželjkivali.');
/*!40000 ALTER TABLE `odabranapoduzećaindex` ENABLE KEYS */;
UNLOCK TABLES;

--
-- Table structure for table `poduzeće`
--

DROP TABLE IF EXISTS `poduzeće`;
/*!40101 SET @saved_cs_client     = @@character_set_client */;
/*!50503 SET character_set_client = utf8mb4 */;
CREATE TABLE `poduzeće` (
  `idPoduzeće` varchar(100) NOT NULL,
  `imePoduzeće` varchar(100) DEFAULT NULL,
  `opisPoduzeće` varchar(5000) DEFAULT NULL,
  `kontaktTelefon` varchar(200) DEFAULT NULL,
  `kontaktEmail` varchar(200) DEFAULT NULL,
  `primarnaDjelatnostPoduzeće` varchar(100) DEFAULT NULL,
  `gradPoduzeće` varchar(100) DEFAULT NULL,
  `županijaPoduzeće` varchar(100) DEFAULT NULL,
  `ulicaPoduzeće` varchar(200) DEFAULT NULL,
  `korisničkoImePoduzeće` varchar(100) DEFAULT NULL,
  PRIMARY KEY (`idPoduzeće`),
  UNIQUE KEY `idPoduzeće_UNIQUE` (`idPoduzeće`),
  UNIQUE KEY `korisničkoImePoduzeće_UNIQUE` (`korisničkoImePoduzeće`)
) ENGINE=InnoDB DEFAULT CHARSET=utf8mb4 COLLATE=utf8mb4_0900_ai_ci;
/*!40101 SET character_set_client = @saved_cs_client */;

--
-- Dumping data for table `poduzeće`
--

LOCK TABLES `poduzeće` WRITE;
/*!40000 ALTER TABLE `poduzeće` DISABLE KEYS */;
INSERT INTO `poduzeće` VALUES ('01d2c00f-cdab-4957-902b-a20ceb277d98','Atletski klub Dubrovnik',NULL,'020/548-648','atletskiklub_du@dubrovnik.hr','Atletika','Dubrovnik','Dubrovačko-neretvanska županija',NULL,'Atletski_klub_Dubrovnik'),('0249a914-d1d4-4169-8cd1-b8120fad9e85','Teniski klub Požega',NULL,'034/ 623-333',NULL,'Tenis','Požega','Požeško-slavonska županija','Požeška 45',NULL),('054a932b-6f3f-4695-b11c-ce4159dc5d30','5 Star Fitness centar Varaždin',NULL,'042/ 231-145','5star@varazdin.hr','Teretana','Varaždin','Varaždinska županija',NULL,'5_Star_Fitness_centar_Varaždin'),('08023533-5c08-4c60-b523-99aa57d81c2e','IMPULS - Fitness i Fizio centar Ludbreg',NULL,'042/ 523-120','implus@ludbreg.hr','Teretana','Ludbreg','Varaždinska županija',NULL,'IMPULS-Fitness_i_Fizio_centar_Ludbreg'),('0d9e32e6-4727-461a-9a07-d64f85463b9f','HNK Rijeka-Stadion Rujevica',NULL,'051/ 321-556','rujevica@rijeka.hr','Rukomet','Rijeka','Primorsko-goranska županija',NULL,'HNK_Rijeka-Stadion_Rujevica'),('0f991557-0ca8-4179-ab0a-d5a1e362ac00','Fight klub Kovačić Varaždin',NULL,'042/ 510-000','fight@varazdin.hr','Kickboxing','Varaždin','Varaždinska županija',NULL,'Fight_klub_Kovačić_Varaždin'),('10b04904-c25a-4ca0-a4f1-b9ca0a85631c','NK Međimurje-Stadion SRC Mladost',NULL,'040/ 653-211','src-mladost@medimurje.hr','Nogomet','Čakovec','Međimurska županija',NULL,'NK_Međimurje-Stadion_SRC_Mladost'),('17d60270-b2c4-4cae-878b-ec04bed6c6f3','Gradski bazeni Osijek',NULL,'031/ 231-457','bazeni-osijek@osijek.hr','Bazeni','Osijek','Osječko-baranjska županija',NULL,'Gradski_bazeni_Osijek'),('1cbf7730-897d-4435-a1e9-a32f99e3884c','Fitness centar Blue Gym Belveder Rijeka',NULL,'051/ 632-028','blue_gym@rijeka.hr','Teretana','Rijeka','Primorsko-goranska županija',NULL,'Fitness_centar_Blue_Gym_Belveder_Rijeka'),('215e3a5b-5b6a-4d67-a4b7-676b01278ebb','NK Inter-Zaprešič-Igralište ŠRC Zaprešić',NULL,'01/ 542-234','nk-inter@zapresic.hr','Nogomet','Zaprešić','Zagrebačka županija',NULL,'NK_Inter-Zaprešič-Igralište_ŠRC_Zaprešić'),('2165c6f4-c89f-4291-9508-3a3edb31f624','NK Osijek-Stadion Grdaski vrt',NULL,'031/ 541-231','gradski-vrt@osijek.hr','Nogomet','Osijek','Osječko-baranjska županija',NULL,'NK_Osijek-Stadion_Grdaski_vrt'),('21b8523c-eead-4a56-9533-0159c59d38a8','Karate Klub Globus Čakovec',NULL,'040/ 562-021','globus@medjimurje.hr','Karate','Čakovec','Međimurska županija',NULL,'Karate_Klub_Globus_Čakovec'),('221e6961-4df4-4b9b-b4f6-fdc998057e79','Fitness klub „Gibi Gib“ Varaždin',NULL,'042/ 547-203','gibigib@varazdin.hr','Teretana','Varaždin','Varaždinska županija',NULL,'Fitness_klub_„Gibi_Gib“_Varaždin'),('2642139b-3296-486b-9673-a9f8cc31c194','Atletski klub AK Slavonija-Žito Osijek',NULL,'031/ 560-000','ak-slavonija@osijek.hr','Atletika','Osijek','Osječko-baranjska županija',NULL,'Atletski_klub_AK_Slavonija-Žito_Osijek'),('26bde30c-3d0c-4f53-86a2-6a9731becd0b','Teniski klub Šibenik',NULL,'022/ 113-564','tenis-sibenik@sibenik.hr','Tenis','Šibenik','Šibensko-kninska županija',NULL,'Teniski_klub_Šibenik'),('29ae295c-8673-43df-a143-fe9164393fa8','HNK Hajduk Split-Standion Poljud',NULL,'021/ 563-444','poljud@split.hr','Nogomet','Split','Splitsko-dalmatinska županija',NULL,'HNK_Hajduk_Split-Standion_Poljud'),('2c47a8ea-d797-42dc-bf76-712d9506eb07','HNK Gorica-Stadion Radnik',NULL,'01/ 214-454','hnk-gorica@gorica.hr','Nogomet','Velika Gorica','Zagrebačka županija',NULL,'HNK_Gorica-Stadion_Radnik'),('35227b28-4a4f-4484-b3c0-4947fdae9379','Košarkaški klub „Vindija“ Varaždin',NULL,'042/ 123-221','vindija@varazdin@varzdin.hr','Košarka','Varaždin','Varaždinska županija',NULL,'Košarkaški_klub_„Vindija“_Varaždin'),('35441232-8a39-4c6e-a753-130c81bf7395','Kompleks bazeni Kantrida',NULL,'051/ 658-653','bazeni-kantrida@rijeka.hr','Bazeni','Rijeka','Primorsko-goranska županija',NULL,'Kompleks_bazeni_Kantrida'),('373b8740-2769-4676-88ac-0251e5258981','Teniski klub Metković',NULL,'020/ 130-536','tk-metkovic@metkovic.hr','Tenis','Metković','Dubrovačko-neretvanska županija',NULL,'Teniski_klub_Metković'),('4168ef39-479d-4931-855d-5e0ecb79282b','Teretana Spartan Gym Split',NULL,'021/ 695-362','spartan@split.hr','Teretana','Split','Splitsko-dalmatinska županija',NULL,'Teretana_Spartan_Gym_Split'),('4374b55f-525e-4226-990a-da80e8cea2b9','Građanski košarkaški klub Šibenik',NULL,'022/ 480-230','gkk_sibenik@sibenik.hr','Košarka','Šibenik','Šibensko-kninska županija',NULL,'Građanski_košarkaški_klub_Šibenik'),('44025e7f-9321-4c63-b31b-7eef516bc0cd','NK Slaven Belupo-Stadion Ivan Kušek Apaš',NULL,'048/ 589-987','nk-slaven@koprivnica.hr','Nogomet','Koprivnica','Koprivničko-križevačka županija',NULL,'NK_Slaven_Belupo-Stadion_Ivan_Kušek_Apaš'),('4506298e-217c-4a9f-a88f-5d3eca85146b','Bazeni Poljud',NULL,'021/ 542-354','bazeni-poljud@split.hr','Bazeni','Split','Splitsko-dalmatinska županija',NULL,'Bazeni_Poljud'),('4b2f673c-a5d7-4c6c-bdd9-2f37b00b2afa','Teniski klub Ludbreg',NULL,'042/ 245-325','tenis_ludbreg@ludbreg.hr','Tenis','Ludbreg','Varaždinska županija',NULL,'Teniski_klub_Ludbreg'),('4d637451-47f1-4277-9112-116331c0fd6a','Gradski bazeni Šibenik',NULL,'022/ 564-879','bazeni-sibenik@sibenik.hr','Bazeni','Šibenik','Šibensko-kninska županija',NULL,'Gradski_bazeni_Šibenik'),('4fb2c056-673a-4547-b650-74d98ebab94c','Teniski klub Split','Najveći teniski klub u okolici!','021/ 112-324','tenis-split@split.hr','Tenis','Split','Splitsko-dalmatinska županija',NULL,NULL),('528189bc-4bd7-4432-bfef-e9dc0091da4a','HNK Šibenik-Stadion Šubićevac',NULL,'022/ 547-568','hnk-sibenik@sibenik.hr','Nogomet','Šibenik','Šibensko-kninska županija',NULL,'HNK_Šibenik-Stadion_Šubićevac'),('569faea5-254b-4299-9621-175209ecf61d','Teniski klub Dubrovnik',NULL,'020/ 657-231','tenis-klub-du@dubrovnik.hr','Tenis','Dubrovnik','Dubrovačko-neretvanska županija',NULL,'Teniski_klub_Dubrovnik'),('58d9ece4-13a0-4b8b-8e86-da22079a8804','TestPoduzeće',NULL,NULL,NULL,'Judo',NULL,NULL,NULL,'test'),('59e999ed-418e-4061-a7a2-e4ca2c85c996','Taekwondo klub Tigar Zagreb',NULL,'01/326-332','tigar@grad-zagreb.hr','Taekwondo','Zagreb','Grad Zagreb',NULL,'Taekwondo_klub_Tigar_Zagreb'),('5c7fd557-1a70-417d-830a-fcbf22257900','Gradski bazeni Makarska','Najbolje mjesto za osvježenje ...',NULL,'bazeni_makarska@makarska.hr','Bazeni','Makarska','Splitsko-dalmatinska županija',NULL,NULL),('6008f824-4d59-49f7-8214-2dbd9d092c6e','Fitness centar Kinezis Varaždin',NULL,'042/ 573-489','kinezis@varazdin.hr','Teretana','Varaždin','Varaždinska županija',NULL,'Fitness_centar_Kinezis_Varaždin'),('6021e3ad-e0ff-4eb7-bba2-85de28cf25be','Teniski klub Makarska',NULL,'021/ 223-456','tenis-makarska@makarska.hr','Tenis','Makarska','Splitsko-dalmatinska županija',NULL,'Teniski_klub_Makarska'),('621e1e80-2f35-4dcf-b72f-dbe0147f31f9','Aquila Fitness Centar Čakovec',NULL,'040/ 369-023','aquila@medjimurje.hr','Teretana','Čakovec','Međimurska županija',NULL,'Aquila_Fitness_Centar_Čakovec'),('65fe77c0-039e-4e43-8c46-4b040f31d8ed','Bazeni Zaprešić-ŠRC Zaprešić',NULL,'01/ 457-231','bazeni.zapresic@zapresic.hr','Bazeni','Zaprešić','Zagrebačka županija',NULL,'Bazeni_Zaprešić-ŠRC_Zaprešić'),('6a00cbf6-1ed5-4f18-ae2e-df3e63de02b3','Teniski klub Đakovo',NULL,'031/ 562-322','tk-djakovo@djakovo.hr','Tenis','Đakovo','Osječko-baranjska županija',NULL,'Teniski_klub_Đakovo'),('6f7640c1-1a26-4e0f-b17b-559583066085','Košarkaški klub „Grafičar“ Ludbreg',NULL,'042/ 230-487','graficar@ludbreg.hr','Košarka','Ludbreg','Varaždinska županija',NULL,'Košarkaški_klub_„Grafičar“_Ludbreg'),('702f9410-6842-4f49-a184-5a2594ba74cb','Fitness centar „Body art“ Koprivnica',NULL,'048/ 230-023','bodyart@koprivnica.hr','Teretana','Koprivnica','Koprivničko-križevačka županija',NULL,'Fitness_centar_„Body_art“_Koprivnica'),('720327c6-01ce-4d27-9b08-fc43d8c7b828','Teniski klub Varaždin',NULL,'042/ 332-213','tenis-varazdin@varazdin.hr','Tenis','Varaždin','Varaždinska županija',NULL,'Teniski_klub_Varaždin'),('731d17af-6c6d-46a4-baac-51ec3e15a0bd','Forma Fitness centar Zagreb',NULL,'01/ 569-998','forma@grad-zagreb.hr','Teretana','Zagreb','Zagrebačka županija',NULL,'Forma_Fitness_centar_Zagreb'),('737c0f78-b07e-4e7b-ac0a-58b0f0bb70c1','NK Croatia-Stadion NK Đakovo',NULL,'031/ 542-321','nk-croatia@djakovo.hr','Nogomet','Đakovo','Osječko-baranjska županija',NULL,'NK_Croatia-Stadion_NK_Đakovo'),('738b75e5-9102-48cf-9089-06dd1186da67','Bazeni Cerine',NULL,'048/ 564-896','bazeni-cerine@koprivnica.hr','Bazeni','Koprivnica','Koprivničko-križevačka županija',NULL,'Bazeni_Cerine'),('79aede60-8b20-4d3e-abaa-c1f5e0ae92d4','Teniski klub Osijek',NULL,'031/ 887-896','tk-osijek@osijek.hr','Tenis','Osijek','Osječko-baranjska županija',NULL,'Teniski_klub_Osijek'),('80803d5d-21f1-4aea-a785-29ea4b9edb3a','NK Radnik Križevci',NULL,'048/ 542-341','nk-radnik@krizevci.hr','Nogomet','Križevci','Koprivničko-križevačka županija',NULL,'NK_Radnik_Križevci'),('87f8159e-05d2-4076-979b-0d019b1b5a90','Rukometni klub KTC Križevci',NULL,'048/ 032-115','rukomet@krizevci.hr','Rukomet','Križevci','Koprivničko-križevačka županija',NULL,'Rukometni_klub_KTC_Križevci'),('8c8ac86f-ace1-4c6a-9871-768168ab6eef','Gradski bazeni Požega',NULL,'034/ 412-222','bazeni-pozega@pozega.hr','Bazeni','Požega','Požeško-slavonska županija',NULL,'Gradski_bazeni_Požega'),('8e76f8f1-2b78-4f11-ba09-3566a27fc26e','RNK Zmaj Makarska-Gradski sportski centar ',NULL,'021/ 987-888','rnk_zmaj@makarska.hr','Nogomet','Makarska','Splitsko-dalmatinska županija',NULL,'RNK Zmaj Makarska-Gradski sportski centar '),('9b007fec-dd07-41a6-a3e6-6c09331c392c','Karate klub Metković',NULL,'020/ 567-500','karateklub-metkovic@metkovic.hr','Karate','Metković','Dubrovačko-neretvanska županija',NULL,'Karate_klub_Metković'),('9c590ce8-4450-4be5-86fc-59897e27f57d','Teretana Gyms4you Zagreb',NULL,'01/ 450-259','gyms4you@grad-zagreb.hr','Teretana','Zagreb','Grad Zagreb',NULL,'Teretana_Gyms4you_Zagreb'),('9c9ba6f2-7897-4e32-a75d-13db83aebe92','Teniski klub Zaprešić',NULL,'01/ 543-478','tenis.zapresic@zapresic.hr','Tenis','Zaprešić','Zagrebačka županija',NULL,'Teniski_klub_Zaprešić'),('9d17bdd3-fbca-488c-b0ed-4501940bf80b','Teniski klub Koprivnica',NULL,'048/ 324-523','tk-koprivnica@koprivnica.hr','Tenis','Koprivnica','Koprivničko-križevačka županija',NULL,'Teniski_klub_Koprivnica'),('9ee2190a-8a6e-45dd-ae2d-8dedfbdfcdd3','NK Polet Sveti Martin na Muri','Nudimo usluge treniranja nogometa i tenisa.','040/ 122-321','nk-polet@sv_martin.hr','Nogomet','Sveti Martin na Muri','Međimurska županija',NULL,NULL),('a4d7bc89-9ba1-43bb-8861-e11369a38d99','HNK Gorica-Stadion Radnik',NULL,NULL,NULL,NULL,NULL,NULL,NULL,'HNK Gorica-Stadion_Radnik'),('a6a383ae-cc1d-4b15-95da-620143e0da8c','NK GOŠK Dubrovnik',NULL,'020/ 541-452','nk-gosk@dubrovnik.hr','Nogomet','Dubrovnik','Dubrovačko-neretvanska županija',NULL,'NK_GOŠK_Dubrovnik'),('aa15495a-322a-4b69-8d5d-d35244ffc1ab','Teretana MoFit Zagreb',NULL,'01/ 223-154','mofit@grad-zagreb.hr','Teretana','Zagreb','Grad Zagreb',NULL,'Teretana_MoFit_Zagreb'),('b11fdb02-41df-4fc3-b5cc-229c94fc82a6','Karate klub „Dalmacija“ Split',NULL,'021/ 632-284','karate@split.hr','Karate','Split','Splitsko-dalmatinska županija',NULL,'Karate_klub_„Dalmacija“_Split'),('b3632046-5fea-423e-bcfd-2539c2071443','NK Varaždin-Stadion „Anđelko Herjavec“',NULL,'042/ 332-574','nk-varazdin@varazdin.hr','Nogomet','Varaždin','Varaždinska županija',NULL,'NK_Varaždin-Stadion_„Anđelko_Herjavec“'),('b4265b84-063b-47c8-861b-653652bc107b','Teretana Gyms4you Osijek',NULL,'031/ 027-804','gyms4you@osijek.hr','Teretana','Osijek','Osječko-baranjska županija',NULL,'Teretana_Gyms4you_Osijek'),('b811693c-af9c-4fd7-a247-eb828226e2ce','NK Neretva Metković',NULL,'020/ 562-231','nk-neretva@metkovic.hr','Nogomet','Metković','Dubrovačko-neretvanska županija',NULL,'NK_Neretva_Metković'),('b97164fb-73b6-49c1-a87a-50a6fd05f833','Gradski bazeni Đakovo',NULL,'031/ 472-321','bazeni-djakovo@djakovo.hr','Bazeni','Đakovo','Osječko-baranjska županija',NULL,'Gradski_bazeni_Đakovo'),('ba35cedb-8ec4-4930-901d-0889cb422eb0','Stolno teniski klub Požega',NULL,'034/ 360-001','stk_pozega@pozega.hr','Tenis','Požega','Požeško-slavonska županija',NULL,'Stolno_teniski_klub_Požega'),('bfc59218-f308-488d-9ad4-9e6c366b9e05','Judo klub Zagreb',NULL,'01/ 113-254','judoklub_zagreb@grad-zagreb.hr','Judo','Zagreb','Grad Zagreb',NULL,'Judo_klub_Zagreb'),('c4719d0e-5d4e-4a98-8957-90195d05c8a7','NK Slavonija Požega-Gradski stadion Požega',NULL,'034/ 945-554','nk-slavonija@pozega.hr','Nogomet','Požega','Požeško-slavonska županija',NULL,'NK_Slavonija_Požega-Gradski_stadion_Požega'),('c4d2858e-49b0-4ac2-8add-b356f88dbb5e','Olimpijski Centar/Marjan Fitness',NULL,'021/ 478-360','marjan@split.hr','Teretana','Split','Splitsko-dalmatinska županija',NULL,'Olimpijski_Centar/Marjan_Fitness'),('c75650f1-f1e7-432d-82fd-7fbad62b1527','GNK Dinamo-Stadion Maksimir',NULL,'01/ 543-231','stadion-maksimir@grad-zagreb.hr','Nogomet','Zagreb','Grad Zagreb',NULL,'GNK_Dinamo-Stadion_Maksimir'),('ca9f947c-1dc9-45a0-a9de-914d74ec4acf','Fitness Zagrad Rijeka',NULL,'051/ 690-089','zagrad@rijeka.hr','Teretana','Rijeka','Primorsko-goranska županija',NULL,'Fitness_Zagrad_Rijeka'),('ced465b8-4320-4be6-b5f4-7e28bb6ba81b','Gradski bazeni „Marija Ružić“ ',NULL,'040/ 541-888','bazeni-cakovec@medjimurje.hr','Bazeni','Čakovec','Međimurska županija',NULL,'Gradski_bazeni_„Marija_Ružić“ '),('d2720eb9-1857-4741-9f36-a46b9742e8c8','Karate klub TAD Rijeka',NULL,'051/ 540-564','tad@rijeka.hr','Karate','Rijeka','Primorsko-goranska županija',NULL,'Karate_klub_TAD_Rijeka'),('d35ec621-2034-4731-8b29-bd21f4bff0d2','Teniski Klub „Franjo Punčec“',NULL,'040/ 122-356','tk-franjopuncec@medjimurje.hr','Tenis','Čakovec','Međimurska županija',NULL,'Teniski_Klub_„Franjo_Punčec“'),('d9587a30-abe7-4a0d-a26c-c664f270790a','Teniski klub Gorica',NULL,'01/ 532-457','tenis.gorica@gorica.hr','Tenis','Velika Gorica','Zagrebačka županija',NULL,'Teniski_klub_Gorica'),('d9b4a006-aeab-4596-8696-2cefad8a4c5f','Gradski bazeni Dubrovnik',NULL,'020/658-457','bazeni-dubrovnik@dubrovnik.hr','Bazeni','Dubrovnik','Dubrovačko-neretvanska županija',NULL,'Gradski_bazeni_Dubrovnik'),('dc89ac35-3740-4e4d-8734-dab4544e07d4','Centar za streljačke športove „Stobreč“',NULL,'021/ 478-520','stobrec@split.hr','Streljaštvo','Split','Splitsko-dalmatinska županija',NULL,'Centar_za_streljačke_športove_„Stobreč“'),('df721bfe-04cd-4cf7-8be1-e9b5303183ee','Gradski bazeni Križevci',NULL,'048/ 653-213','bazeni-krizevci@krizevci.hr','Bazeni','Križevci','Koprivničko-križevačka županija',NULL,'Gradski_bazeni_Križevci'),('e94c0f1a-01ed-42ec-b61a-4cc7861594cc','Teniski klub Križevci',NULL,'048/ 456-241','tk-krizevci@krizevci.hr','Tenis','Križevci','Koprivničko-križevačka županija',NULL,'Teniski_klub_Križevci'),('e9f429b7-5a85-4960-aa3d-bc86a71d2ed5','Life Class Terme Sveti Martin',NULL,'040/ 541-231','tenis-svmartin@sv_martin.hr','Tenis','Sveti Martin na Muri','Međimurska županija',NULL,'Life_Class_Terme_Sveti_Martin'),('ead70e5c-5814-4f46-9395-6fee3affc7ec','Gradski bazeni Velika Gorica',NULL,'01/ 547-321','bazeni-gorica@gorica.hr','Bazeni','Velika Gorica','Zagrebačka županija',NULL,'Gradski_bazeni_Velika_Gorica'),('ef9c71ec-88f2-401f-a9bb-f3942bf737fb','Atletski klub Šibenik',NULL,'022/ 503-300','atletika@sibenik.hr','Atletika','Šibenik','Šibensko-kninska županija',NULL,'Atletski_klub_Šibenik'),('f071020e-61d4-4beb-a103-885f73e714ec','Gradski bazeni Varaždin',NULL,'042/ 556-642','bazeni-varazdin@varazdin.hr','Bazeni','Varaždin','Varaždinska županija',NULL,'Gradski_bazeni_Varaždin'),('f1433f84-c12a-48d7-80c9-0741dbb61761','Kickboxing klub Domsa',NULL,'01/589-111','domsa@grad-zagreb.hr','Kickboxing','Zagreb','Grad Zagreb',NULL,'Kickboxing_klub_Domsa'),('f1880e52-0fc3-4c16-a8da-fb56b216a8d5','Košarkaški klub „Cedevita“ Zagreb',NULL,'01/ 569-070','cedevita@grad-zagreb.hr','Košarka','Zagreb','Grad Zagreb',NULL,'Košarkaški_klub_„Cedevita“_Zagreb'),('f5a30727-4cee-426e-8cf7-6565eb584517','Gradski bazeni Zagreb',NULL,'01/ 785-456','bazeni-zagreb@grad-zagreb.hr','Bazeni','Zagreb','Grad Zagreb',NULL,'Gradski_bazeni_Zagreb'),('f605f213-2d77-4fa3-8a47-9438c14526cc','NK Podravina Ludbreg-Igralište NK Podravina',NULL,'042/ 555-231','nk-podravina@ludbreg.hr','Nogomet','Ludbreg','Varaždinska županija',NULL,'NK_Podravina_Ludbreg-Igralište_NK_Podravina'),('f6a27743-88a9-4100-96af-9acd0e1eb0ce','Teniski klub Rijeka',NULL,'051/ 321-654','tenis-rijeka@rijeka.hr','Tenis','Rijeka','Primorsko-goranska županija',NULL,'Teniski_klub_Rijeka'),('f730abce-fea1-4735-90bc-ec4399155d79','Tenis klub Travnjak',NULL,'01/ 563-231','tk-travnjak@grad-zagreb.hr','Tenis','Zagreb','Grad Zagreb',NULL,'Tenis_klub_Travnjak');
/*!40000 ALTER TABLE `poduzeće` ENABLE KEYS */;
UNLOCK TABLES;

--
-- Table structure for table `sportovi`
--

DROP TABLE IF EXISTS `sportovi`;
/*!40101 SET @saved_cs_client     = @@character_set_client */;
/*!50503 SET character_set_client = utf8mb4 */;
CREATE TABLE `sportovi` (
  `idSportovi` varchar(100) NOT NULL,
  `imeSporta` varchar(100) NOT NULL,
  PRIMARY KEY (`idSportovi`),
  UNIQUE KEY `idSportovi_UNIQUE` (`idSportovi`),
  UNIQUE KEY `imeSporta_UNIQUE` (`imeSporta`)
) ENGINE=InnoDB DEFAULT CHARSET=utf8mb4 COLLATE=utf8mb4_0900_ai_ci;
/*!40101 SET character_set_client = @saved_cs_client */;

--
-- Dumping data for table `sportovi`
--

LOCK TABLES `sportovi` WRITE;
/*!40000 ALTER TABLE `sportovi` DISABLE KEYS */;
INSERT INTO `sportovi` VALUES ('79be2417-261b-480a-8c27-9696d5f85315','Atletika'),('d51cd0c3-7865-4ca3-8c52-ce8f968e4d8c','Bazeni'),('46910f3a-1ced-47ee-b6ba-8edbd5b2bda5','Judo'),('126ef77e-cb9c-4de5-8b1e-d49cfe66057c','Karate'),('855baebd-8535-474f-933f-b592296a030d','Kickboxing'),('66d8a974-fafc-4e35-9702-30e4a396af62','Košarka'),('c2cf864c-2516-400c-9058-4a694dbab560','Nogomet'),('e63a80e0-9122-4cb2-aafa-8ebbb33dc299','Rukomet'),('439bbe04-7885-4e30-8940-5b4427e58a65','Stolni tenis'),('d08faa49-553a-4b97-b67f-065db85bffbb','Streljaštvo'),('a8d69739-6a5a-490d-a3d2-82b605e75e33','Taekwondo'),('0ccd0123-0360-4003-b87c-8425576b7c04','Tenis'),('acd57ca9-c789-48da-bbec-74ca263fce93','Teretana');
/*!40000 ALTER TABLE `sportovi` ENABLE KEYS */;
UNLOCK TABLES;

--
-- Table structure for table `županije`
--

DROP TABLE IF EXISTS `županije`;
/*!40101 SET @saved_cs_client     = @@character_set_client */;
/*!50503 SET character_set_client = utf8mb4 */;
CREATE TABLE `županije` (
  `idŽupanija` varchar(100) NOT NULL,
  `imeŽupanije` varchar(100) NOT NULL,
  PRIMARY KEY (`idŽupanija`),
  UNIQUE KEY `idŽupanija_UNIQUE` (`idŽupanija`),
  UNIQUE KEY `imeŽupanije_UNIQUE` (`imeŽupanije`)
) ENGINE=InnoDB DEFAULT CHARSET=utf8mb4 COLLATE=utf8mb4_0900_ai_ci;
/*!40101 SET character_set_client = @saved_cs_client */;

--
-- Dumping data for table `županije`
--

LOCK TABLES `županije` WRITE;
/*!40000 ALTER TABLE `županije` DISABLE KEYS */;
INSERT INTO `županije` VALUES ('c0199eb8-aa36-4a6a-a351-a5af487a3f27','Dubrovačko-neretvanska županija'),('3e83ca81-3d0a-4626-a002-5cadc38f4607','Grad Zagreb'),('728cb2e8-afd9-4351-9e73-db7043d6d7eb','Koprivničko-križevačka županija'),('f653eff5-eba3-41c9-8024-1538ce7a7e0e','Međimurska županija'),('edfd8c7a-a4ac-4124-a717-0608dc499e9b','Osječko-baranjska županija'),('7712f712-7670-4cc7-8a1a-17974e34994c','Požeško-slavonska županija'),('6eaa62d9-565c-40c9-a4eb-f7bbee4dfd08','Primorsko-goranska županija'),('65205dc6-0d3a-4d97-a1ae-59498b1d0de2','Šibensko-kninska županija'),('849c85d6-e8c9-4263-9eaa-280033593c8d','Splitsko-dalmatinska županija'),('450dffa3-14e3-476e-96fd-45f5c126e9e1','Varaždinska županija'),('b74cf71b-c1b9-4b34-abad-8f768f56f691','Zagrebačka županija');
/*!40000 ALTER TABLE `županije` ENABLE KEYS */;
UNLOCK TABLES;
/*!40103 SET TIME_ZONE=@OLD_TIME_ZONE */;

/*!40101 SET SQL_MODE=@OLD_SQL_MODE */;
/*!40014 SET FOREIGN_KEY_CHECKS=@OLD_FOREIGN_KEY_CHECKS */;
/*!40014 SET UNIQUE_CHECKS=@OLD_UNIQUE_CHECKS */;
/*!40101 SET CHARACTER_SET_CLIENT=@OLD_CHARACTER_SET_CLIENT */;
/*!40101 SET CHARACTER_SET_RESULTS=@OLD_CHARACTER_SET_RESULTS */;
/*!40101 SET COLLATION_CONNECTION=@OLD_COLLATION_CONNECTION */;
/*!40111 SET SQL_NOTES=@OLD_SQL_NOTES */;

-- Dump completed on 2021-03-18 22:56:05
